id,name,industry,review,likes,rating,posted_at,token_count,too_long,aspect,sentiment,confidence,position
585827,Riwa Gastro AG,Restaurant,Leckeres Eis und netter Service!,0,4.0,2023-04-22 15:50:01.416,11,False,"['Eis', 'Service']","['Positive', 'Positive']","[0.9981, 0.9982]","[[1], [4]]"
585827,Riwa Gastro AG,Restaurant,"Try it! The first impression is deceiving, looking like a highway stop. Truth be told also inside it has the charm of a Raststätte. However, service is down to earth and the food is solid and of high quality. This is a no frills experience but checks all the right boxes and comes in at a slightly better price than your would expect.
Definitely ask for the septate dessert card and try the ""Natur Yoghurt"" ice cream..
Update 2023: still love it",1,5.0,2019-02-09 19:53:26.000,118,False,[],[],[],[]
585827,Riwa Gastro AG,Restaurant,Immer alles perfekt. Danke,0,5.0,2023-04-16 13:18:36.731,9,False,[],[],[],[]
585827,Riwa Gastro AG,Restaurant,Feine Desserts❤️,0,5.0,2023-04-11 06:45:40.392,9,False,['Desserts'],['Positive'],[0.9656],[[1]]
585827,Riwa Gastro AG,Restaurant,5 Sterne absolut verdient!,0,5.0,2023-04-10 14:29:48.634,9,False,[],[],[],[]
585827,Riwa Gastro AG,Restaurant,"Sehr schönes Ausflugsrestaurant mit fantastischer Aussicht.
Sehr freundliches Personal, schnelle Bedienung.
Essen schmeckt hervorragend.
Reservierung empfohlen.",0,5.0,2022-04-02 18:54:37.071,40,False,"['Aussicht', 'Personal', 'Bedienung', 'Essen']","['Positive', 'Positive', 'Positive', 'Positive']","[0.9985, 0.9981, 0.9976, 0.997]","[[5], [9], [12], [14]]"
585827,Riwa Gastro AG,Restaurant,Super essen tolle Saisonale Gerichte,2,5.0,2023-04-09 05:46:22.794,10,False,"['essen', 'Gerichte']","['Positive', 'Positive']","[0.9976, 0.998]","[[1], [4]]"
585827,Riwa Gastro AG,Restaurant,Super gegessen und toller Service!,0,5.0,2023-04-06 19:38:47.336,10,False,['Service'],['Positive'],[0.9983],[[4]]
585827,Riwa Gastro AG,Restaurant,"Sehr schönes Restaurant mit herrlichem Weitblick. Grosse Speisekarte mit viel Auswahl an Saison gerechten Speisen. Menus schön angerichtetet, super lecker und Portionen waren bei unserem Besuch recht gross. Service speditiv und freundlich.",1,5.0,2023-04-05 19:02:49.218,61,False,"['Restaurant', 'Speisekarte', 'Menus', 'Portionen', 'Service']","['Positive', 'Positive', 'Positive', 'Positive', 'Positive']","[0.9982, 0.9979, 0.9978, 0.9981, 0.9979]","[[2], [8], [17], [24], [32]]"
585827,Riwa Gastro AG,Restaurant,"Gutes Restaurant, feine und immer auch saisonale Gerichte im Angebot. Toller Ausblick.",0,5.0,2023-04-04 12:58:59.201,24,False,"['Restaurant', 'Gerichte', 'Ausblick']","['Positive', 'Positive', 'Positive']","[0.998, 0.9973, 0.9973]","[[1], [8], [13]]"
585827,Riwa Gastro AG,Restaurant,"Very welcoming staff, friendly knowledgeable and very helpful. Food is all amazing, starter I had soup.!! Omg yummmmy. Main courses both fresh and tasty 😋 and just enough room for an amazing desert. Place had amazing views, inside they also sell some of the foods to take away.!!! Including an amazing dressing. And the toilets don’t smell like toilets. Beautiful and clean 🧽",2,5.0,2023-04-03 21:02:58.993,98,False,"['staff', 'Food', 'Main courses', 'desert', 'views', 'dressing', 'toilets']","['Positive', 'Positive', 'Positive', 'Positive', 'Positive', 'Positive', 'Positive']","[0.9963, 0.99, 0.9827, 0.8774, 0.8883, 0.9846, 0.9824]","[[2], [10], [25, 26], [39], [44], [64], [68]]"
585827,Riwa Gastro AG,Restaurant,Wonderful service with suppurb food,0,4.0,2023-03-30 19:00:33.780,10,False,"['service', 'food']","['Positive', 'Positive']","[0.9809, 0.7583]","[[1], [4]]"
585827,Riwa Gastro AG,Restaurant,"Immer wieder gern.
Am 29.01.2022 wieder einmal zum Abendessen da, wieder Top. Das Restaurant voll, aber das Personal behielten den Überblick und leisteten einen Super Service. DANKE
Am 23.03.22 wieder mmmhhm einfach GUT.
Natürlich immer wieder zum Mittagessen und natürlich zum Glace.
Heute 23.03.23 zum Nachtessen auch wieder Top.
Waldegg my Favorit.",4,5.0,2020-06-21 16:20:21.346,95,False,"['Personal', 'Service', 'Waldegg']","['Positive', 'Positive', 'Positive']","[0.9759, 0.9572, 0.983]","[[25], [33], [69]]"
585827,Riwa Gastro AG,Restaurant,Immer wieder ein Besuch wert..,0,5.0,2023-03-19 18:48:30.658,10,False,[],[],[],[]
585827,Riwa Gastro AG,Restaurant,"Schon oft besucht und gerne immer wieder 😊, sehr feine Speisen, äusserst freundliche Service-Mitarbeitende",0,5.0,2023-03-11 15:08:18.116,35,False,"['Speisen', 'Service', 'Mitarbeitende']","['Positive', 'Positive', 'Positive']","[0.9982, 0.9879, 0.9843]","[[11], [15], [17]]"
585827,Riwa Gastro AG,Restaurant,Eines meiner lieblings Restaurant. Die Küche ist sehr gut. Hier gibt es die beste Salatsauce die ich je in einem Restaurant erhalten habe.,3,5.0,2019-12-14 21:31:08.210,36,False,"['Restaurant', 'Küche', 'Salatsauce']","['Positive', 'Positive', 'Positive']","[0.9985, 0.9985, 0.9986]","[[3], [6], [16]]"
585827,Riwa Gastro AG,Restaurant,"Das Personal ist sehr freundlich, super Essen, und die Aussicht unbezahlbar.",0,5.0,2023-03-09 13:39:08.736,21,False,"['Personal', 'Essen', 'Aussicht']","['Positive', 'Positive', 'Positive']","[0.9982, 0.9985, 0.9986]","[[1], [7], [11]]"
585827,Riwa Gastro AG,Restaurant,"Es ist unser Lieblingsrestaurant. das Essen ist sehr gut. Für uns ist es immer ein ""muss"" wenn wir von Zürich nach Wil fahren. Das Personal ist einfach sehr zuvorkommen. Bei der Chefin merkt man, sie macht es mit Herzblut. À bientôt !",0,5.0,2023-03-07 11:31:29.327,69,False,"['Essen', 'Personal', 'Chefin']","['Positive', 'Positive', 'Positive']","[0.9983, 0.9971, 0.9976]","[[6], [29], [37]]"
585827,Riwa Gastro AG,Restaurant,Zum empfehlen,0,5.0,2023-03-06 12:18:14.985,4,False,[],[],[],[]
585827,Riwa Gastro AG,Restaurant,"Hammer Essen, top Service!",0,5.0,2023-03-03 22:25:37.401,8,False,"['Essen', 'Service']","['Positive', 'Positive']","[0.9977, 0.9979]","[[1], [4]]"
585827,Riwa Gastro AG,Restaurant,"Ort & Bedienung sehr toll & sehr freundlich
Essen maximal durchschnittlich. Kalter Spinat in einem Restaurant... war leider mein erstes und letztes mal.",0,3.0,2023-02-20 10:44:39.777,42,False,"['Ort', 'Bedienung', 'Essen']","['Positive', 'Positive', 'Neutral']","[0.9887, 0.9482, 0.8579]","[[0], [2], [8]]"
585827,Riwa Gastro AG,Restaurant,Egal zu welcher Zeit und bei welcher Witterung! Ein Besuch lohnt sich auf jeden Fall!,0,4.0,2023-02-14 18:28:32.977,25,False,['Besuch'],['Positive'],[0.9987],[[10]]
585827,Riwa Gastro AG,Restaurant,"Sehr nette Bedienung
Sehr gute und währtschafte Auswahl
Portionen auch für den grossen Hunger",0,5.0,2023-02-04 08:11:11.165,30,False,"['Bedienung', 'Portionen']","['Positive', 'Positive']","[0.9984, 0.9973]","[[2], [8]]"
585827,Riwa Gastro AG,Restaurant,Wollte schon lange mal hier essen Habs aber nie geschafft. Dann jetzt doch endlich mal 😊 wir haben gut gegessen grosse Portionen super Salat Fleisch alles tip top das Personal erschien mir auch freundlich ich komme bald wieder vielen Dank,0,5.0,2023-02-02 18:47:27.249,58,False,"['Salat Fleisch', 'Personal']","['Positive', 'Positive']","[0.9983, 0.9979]","[[24, 25], [30]]"
585827,Riwa Gastro AG,Restaurant,Wie immer. Top und ist immer noch so,0,5.0,2019-04-14 10:48:57.979,11,False,[],[],[],[]
585827,Riwa Gastro AG,Restaurant,Super platz,0,5.0,2023-01-27 19:35:53.841,5,False,['platz'],['Positive'],[0.9977],[[1]]
585827,Riwa Gastro AG,Restaurant,"Very friendly staff, they make you feel super welcome in a comfortable and warm atmosphere. The food is excellent in general, we were all very pleased with our different meals.",1,5.0,2023-01-25 08:17:40.189,43,False,"['staff', 'atmosphere', 'food', 'meals']","['Positive', 'Positive', 'Positive', 'Positive']","[0.9981, 0.9973, 0.995, 0.9951]","[[2], [15], [18], [32]]"
585827,Riwa Gastro AG,Restaurant,Das Essen war top eben so die Bedinung würde es jedem weiter empfehlen,0,5.0,2023-01-24 18:06:08.332,20,False,['Essen'],['Positive'],[0.996],[[1]]
585827,Riwa Gastro AG,Restaurant,"Gutes Essen, freundliche Bedienung",0,5.0,2023-01-18 15:08:30.743,10,False,"['Essen', 'Bedienung']","['Positive', 'Positive']","[0.9982, 0.9983]","[[1], [4]]"
585827,Riwa Gastro AG,Restaurant,"War ""nur"" zu einem Kaffee dort. Sehr freundliches Personal, schöne Aussicht und tolles Ambiente.
Es hat viele Parkplätze direkt vor dem Lokal.
Gerne wieder",0,5.0,2023-01-16 20:47:05.386,44,False,"['Personal', 'Aussicht', 'Ambiente', 'Parkplätze']","['Positive', 'Positive', 'Positive', 'Positive']","[0.9846, 0.997, 0.9973, 0.9953]","[[11], [14], [17], [22]]"
585827,Riwa Gastro AG,Restaurant,Passte alles gut,0,4.0,2023-01-15 16:12:11.731,6,False,[],[],[],[]
585827,Riwa Gastro AG,Restaurant,Gut,0,4.0,2023-01-09 16:50:57.969,3,False,[],[],[],[]
585827,Riwa Gastro AG,Restaurant,Gemütlich und schön,0,5.0,2023-01-08 13:18:24.096,7,False,[],[],[],[]
585827,Riwa Gastro AG,Restaurant,"Sehr schönes Ausflugrestaurant  mit Blick auf den Zürichsee. Gutes Essen und sehr freundliches Personal. Man sollte reservieren, den es ist immer gut besetzt.",0,4.0,2023-01-05 17:59:21.272,43,False,"['Ausflugrestaurant', 'Essen', 'Personal']","['Positive', 'Positive', 'Positive']","[0.9984, 0.9973, 0.9927]","[[2], [10], [14]]"
585827,Riwa Gastro AG,Restaurant,..Einfach jedesmal excellent....🤩🤗😋,0,5.0,2021-07-16 22:18:41.105,14,False,[],[],[],[]
585827,Riwa Gastro AG,Restaurant,Wie immer sehr gut. Das Chateaubriand zart wie Butter. Immer wieder gerne!!,0,5.0,2023-01-02 20:07:18.911,24,False,['Chateaubriand'],['Positive'],[0.9984],[[6]]
585827,Riwa Gastro AG,Restaurant,Immer wieder fein,0,5.0,2023-01-02 17:16:37.813,6,False,[],[],[],[]
585827,Riwa Gastro AG,Restaurant,Schöne Aussicht,0,4.0,2022-12-26 12:08:23.586,6,False,['Aussicht'],['Positive'],[0.9981],[[1]]
585827,Riwa Gastro AG,Restaurant,"Sehr freundlich, hilfsbereit und aufmerksam. Küche vorzüglich👍
Reservation für Essen empfohlen! Kann ich sehr empfehlen.  War erneut hier zum Essen, kann meine vorher gemachten Eindrpcke nur bestätigen. Supper👍👏",1,5.0,2018-06-07 10:22:55.660,63,False,"['Küche', 'Reservation']","['Positive', 'Positive']","[0.998, 0.9973]","[[7], [9]]"
585827,Riwa Gastro AG,Restaurant,"gut Bürgeliches essen, eine sehr gepflegte und saubere WC Anlage.",0,3.0,2022-10-22 14:51:31.204,20,False,"['essen', 'WC Anlage']","['Positive', 'Positive']","[0.9969, 0.9985]","[[2], [9, 10]]"
585827,Riwa Gastro AG,Restaurant,"Sehr sehr gutes Essen
Zuvorkommende nette Bedienung
Kann das Waldegg nur weiter empfehlen",0,5.0,2022-12-12 19:14:44.287,23,False,"['Essen', 'Bedienung']","['Positive', 'Positive']","[0.9983, 0.9984]","[[3], [6]]"
585827,Riwa Gastro AG,Restaurant,Immer gerne wieder. Gut bürgerliche Küche. Feine Sachen zum Kaufen.,0,5.0,2022-12-10 23:50:30.403,22,False,"['Küche', 'Sachen']","['Positive', 'Positive']","[0.9899, 0.9969]","[[6], [9]]"
585827,Riwa Gastro AG,Restaurant,Zum Empfehlen .....,0,5.0,2022-12-09 19:07:08.728,7,False,[],[],[],[]
585827,Riwa Gastro AG,Restaurant,"Tolles Essen alles stimmte, allerdings waren die Pommes fast kalt und somit zäh …..aber das passiert, eher unwichtig",0,5.0,2022-12-04 07:52:55.018,35,False,"['Essen', 'Pommes']","['Positive', 'Negative']","[0.9898, 0.99]","[[1], [8]]"
585827,Riwa Gastro AG,Restaurant,"Leckeres Essen preislich im höherem Preissegment anzusiedeln.

Lokal auffallend schön. Die Sauberkeit des WC muss ich hier Mal hervorheben das ist wirklich vorbildlich gepflegt.

Bedienung freundlich und zuvorkommend.",0,5.0,2022-11-21 20:58:59.173,58,False,"['Essen', 'Lokal', 'WC', 'Bedienung']","['Positive', 'Positive', 'Positive', 'Positive']","[0.9923, 0.9972, 0.9974, 0.9975]","[[1], [8], [15], [27]]"
585827,Riwa Gastro AG,Restaurant,Toller Service und sehr kinderfreundlich,0,5.0,2022-11-19 21:22:57.198,10,False,['Service'],['Positive'],[0.9982],[[1]]
585827,Riwa Gastro AG,Restaurant,"Wer gut essen möchte ist hier richtig.
Service Qualität Ambiente ist gross geschrieben...
Ein Besuch lohnt sich definitiv",0,5.0,2022-11-18 20:01:35.982,28,False,"['essen', 'Service', 'Ambiente']","['Positive', 'Positive', 'Positive']","[0.9969, 0.9955, 0.9969]","[[2], [8], [10]]"
585827,Riwa Gastro AG,Restaurant,nettes Personal,0,5.0,2022-11-17 07:10:44.882,5,False,['Personal'],['Positive'],[0.9961],[[1]]
585827,Riwa Gastro AG,Restaurant,Ein sicherer Wert,0,4.0,2022-11-16 13:19:03.795,6,False,['Wert'],['Positive'],[0.9961],[[2]]
585827,Riwa Gastro AG,Restaurant,"Sehr einladende Lokalität top motiviertes freundliches Personal
Feines Nachtessen zu einem fairen Preis,gerne wieder",0,5.0,2022-11-14 22:06:21.959,29,False,"['Lokalität', 'Personal', 'Nachtessen']","['Positive', 'Positive', 'Positive']","[0.9978, 0.9938, 0.9926]","[[2], [6], [8]]"
585827,Riwa Gastro AG,Restaurant,Alles super und gut nur alles sehr hecktisch es war als wäre ich auf einem Flughafen,0,5.0,2022-11-14 21:37:54.159,25,False,[],[],[],[]
585827,Riwa Gastro AG,Restaurant,"Freundliche Bedienungen, variantenreiches Essen. Moderne Lokalität mit viel Platz. Coole Sachen die man zum  weiterverschenken kaufen kann.  Etliche Parkplätze vorhanden. Gerne wieder.",0,5.0,2022-11-10 12:22:25.818,45,False,"['Bedienungen', 'Essen', 'Lokalität', 'Parkplätze']","['Positive', 'Positive', 'Positive', 'Positive']","[0.9965, 0.9939, 0.9926, 0.9778]","[[1], [4], [7], [22]]"
585827,Riwa Gastro AG,Restaurant,Exzellent 👍,0,5.0,2022-11-09 14:44:57.939,7,False,[],[],[],[]
585827,Riwa Gastro AG,Restaurant,"1x mehr vorzüglich gegessen, kommen immer wieder gerne. Das Personal ist sehr freundlich und aufmerksam. Freuen uns auf das nächste mal.",0,4.0,2022-04-15 10:31:19.513,40,False,['Personal'],['Positive'],[0.9987],[[11]]
585827,Riwa Gastro AG,Restaurant,"Sehr gutes Restaurant. Wirkt von aussen etwas wie eine Autobahnraststaette, ist aber innen modern und toll eingerichtet.
Wir hatten das Chateaubriand, mit Pommes und Saisonalen Gemuese. Das Fleisch war auf den Punkt gegart und geschmacklich ein echter Hochgenuss. Das Personal ist zudem sehr freundlich und wirkt kompetent und gut geschult.
Hatten einen Platz innen mit Sicht in Richtung See.
Zum Abschluss goennten wir uns noch ein feines Softeis als Dessert. Empfehlen das Restaurant gerne weiter und kommen sicher gerne wieder. Ganz klare 5 Sterne von uns.",0,5.0,2022-11-08 14:05:55.783,143,False,[],[],[],[]
585827,Riwa Gastro AG,Restaurant,"Bedienung sehr freundlich, Essen sehr gut. Beim chateaubriand für eine Person gabs ""nur 4 kleine stücke Feisch"" und viel gemüse, für den preis von Chf 49.80 doch etwas zu wenig. Unser tisch grenzte sehr nah an den nächsten tisch. Die bedienung streifte meine kollegin jedesmal wenn sie dort servieren musste. Aber ansonsten alles i.o. wir kommen wieder.",1,4.0,2022-11-06 12:17:07.909,111,False,"['Bedienung', 'Essen', 'preis']","['Positive', 'Positive', 'Negative']","[0.9778, 0.966, 0.8728]","[[0], [4], [27]]"
585827,Riwa Gastro AG,Restaurant,"Super Essen, toller Ausblick, Top Bedienung!!! Was will man mehr!",0,5.0,2022-11-04 00:03:12.888,19,False,"['Essen', 'Ausblick', 'Bedienung']","['Positive', 'Positive', 'Positive']","[0.9984, 0.9987, 0.9987]","[[1], [4], [7]]"
585827,Riwa Gastro AG,Restaurant,Mega gepflegt und Preis Leistung stimmt!,1,5.0,2022-10-29 17:07:42.061,12,False,['Preis'],['Positive'],[0.9944],[[3]]
585827,Riwa Gastro AG,Restaurant,Wunderschöner Ort mit Blick auf den Zürcher See. Viele Parkplätze und wunderschönen Ausblick. Gute selbsgemachte Produkte,0,5.0,2022-10-29 14:49:52.851,33,False,"['Ort', 'See', 'Parkplätze', 'Ausblick', 'Produkte']","['Positive', 'Positive', 'Positive', 'Positive', 'Positive']","[0.9977, 0.9971, 0.9978, 0.9967, 0.9699]","[[1], [7], [10], [13], [17]]"
585827,Riwa Gastro AG,Restaurant,Понравилось практически все. Качество еды и обслуживания. Атмосфера.,0,5.0,2022-10-24 17:40:16.316,24,False,"['еды', 'обслуживания', 'Атмосфера']","['Positive', 'Positive', 'Positive']","[0.9986, 0.9986, 0.9972]","[[5], [7], [9]]"
585827,Riwa Gastro AG,Restaurant,"Ist mega schön ❤️ mit viel Detail eingerichtet, Personal sehr freundlich die Chefin nett und sehr intelligent vielen Dank für tolle Bedienung",0,5.0,2022-10-20 19:01:31.351,34,False,"['eingerichtet', 'Personal', 'Chefin', 'Bedienung']","['Positive', 'Positive', 'Positive', 'Positive']","[0.9976, 0.9981, 0.9984, 0.9935]","[[10], [12], [16], [27]]"
585827,Riwa Gastro AG,Restaurant,Nettes Personal Feines Essen. Schöne Lage,0,5.0,2022-10-20 17:21:14.383,12,False,"['Personal', 'Essen', 'Lage']","['Positive', 'Positive', 'Positive']","[0.9972, 0.9975, 0.9979]","[[1], [3], [6]]"
585827,Riwa Gastro AG,Restaurant,... unscheinbar genial,0,5.0,2022-10-18 21:22:55.428,7,False,[],[],[],[]
585827,Riwa Gastro AG,Restaurant,Super essen und Service,0,5.0,2022-10-17 18:17:32.139,6,False,"['essen', 'Service']","['Positive', 'Positive']","[0.9972, 0.9972]","[[1], [3]]"
585827,Riwa Gastro AG,Restaurant,Trotz sehr vielen Gästen immer den überblick behalten.Und sehr zuvor kommend.,0,4.0,2022-10-16 14:09:51.688,25,False,['überblick'],['Positive'],[0.9888],[[6]]
585827,Riwa Gastro AG,Restaurant,Sehr nette Bedienung und wirklich sehr aufmerksamer Service. Ein grosszügisches Trinkgeld ist da für mich selbstverständlich. Wirklich sehr Empfehlenswert. Hut ab.,0,5.0,2022-10-13 16:03:46.649,41,False,"['Bedienung', 'Service', 'Trinkgeld']","['Positive', 'Positive', 'Positive']","[0.9974, 0.9523, 0.8133]","[[2], [7], [11]]"
585827,Riwa Gastro AG,Restaurant,Nicht preiswert.,0,4.0,2022-10-11 12:51:39.701,6,False,[],[],[],[]
585827,Riwa Gastro AG,Restaurant,Super feiner Eiskaffee mit Kirsch,0,4.0,2022-10-06 19:09:41.325,11,False,['Eiskaffee'],['Positive'],[0.9533],[[2]]
585827,Riwa Gastro AG,Restaurant,"Good food, friendly staff. Didn’t get the thing with the salad dressing, though.",0,5.0,2022-10-05 01:27:43.535,23,False,"['food', 'staff', 'salad dressing']","['Positive', 'Positive', 'Neutral']","[0.9966, 0.9954, 0.885]","[[1], [4], [14, 15]]"
585827,Riwa Gastro AG,Restaurant,"Waren gestern zum Wildessen da und waren super begeistert. Zum ersten Mal im Wintergarten. Service und Essen waren super.  Angenehme Wartezeit. Portionen sehr gut berechnet (wir mochten also keinen Dessert mehr bestellen! :-).
Preis-Leistung also tiptop. Super schönes, modernes Restaurant.",5,5.0,2022-10-02 14:02:20.798,74,False,"['Service', 'Essen', 'Wartezeit', 'Restaurant']","['Positive', 'Positive', 'Positive', 'Positive']","[0.9795, 0.9697, 0.9228, 0.9944]","[[16], [18], [23], [52]]"
63085,"Asia Mr. Rice, Inh. Vu, Duc Quang",Asian restaurant,"Das Eßen ist zwar mega aber die Lieferzeiten sind katastroph.Mann sagt am tel geht 30min und wartet 1h und 20min bis es kommt.
Bestellt man über eart wurde die Bestellung schon 2 mal vergeßen und wen man zu einer bestimmten Zeit bestellt geht er regelmäßi 30 min und mehr über die Zeit hinaus.
Was gibt es als Entschuldigung?Nichts,nicht mal eine Mündliche und auch kein Getränk dazu.",0,2.0,2022-02-21 11:48:04.423,111,False,"['Eßen', 'Lieferzeiten']","['Positive', 'Negative']","[0.7743, 0.9338]","[[1], [7]]"
63085,"Asia Mr. Rice, Inh. Vu, Duc Quang",Asian restaurant,Top Service!!!,0,5.0,2022-02-19 06:43:49.068,5,False,['Service'],['Positive'],[0.9983],[[1]]
63085,"Asia Mr. Rice, Inh. Vu, Duc Quang",Asian restaurant,"Das Essen ist sehr lecker, die Preise sind fair. Am Mittag gibt es ein Buffet. Für den kleinen Hunger eignen sich die Box gut.",0,5.0,2022-02-17 10:46:53.848,40,False,"['Essen', 'Preise']","['Positive', 'Positive']","[0.9819, 0.6061]","[[1], [7]]"
63085,"Asia Mr. Rice, Inh. Vu, Duc Quang",Asian restaurant,Decent food for the price,0,4.0,2022-02-14 14:10:37.456,8,False,"['food', 'price']","['Positive', 'Positive']","[0.9635, 0.6726]","[[1], [4]]"
63085,"Asia Mr. Rice, Inh. Vu, Duc Quang",Asian restaurant,Late most of the times,0,1.0,2022-01-27 17:53:17.560,7,False,[],[],[],[]
63085,"Asia Mr. Rice, Inh. Vu, Duc Quang",Asian restaurant,"À considérer comme un fast-food asiatique plutôt qu'un restaursnt typique.
12chf la petite assiette et 16chf la grande (à remplir au buffet), des prix corrects pour manger à sa faim.",0,4.0,2022-01-24 10:37:22.935,58,False,"['fast - food', 'restaursnt']","['Neutral', 'Neutral']","[0.8335, 0.7139]","[[4, 5, 6], [12]]"
63085,"Asia Mr. Rice, Inh. Vu, Duc Quang",Asian restaurant,"Das essen ist lecker, allerdings finde ich das heutzutage Kartenzahlung ein muss ist!!! oder Twint!!",0,3.0,2022-01-14 10:40:34.307,26,False,"['essen', 'Kartenzahlung']","['Positive', 'Negative']","[0.9919, 0.46]","[[1], [10]]"
63085,"Asia Mr. Rice, Inh. Vu, Duc Quang",Asian restaurant,Sehr Gut 👌,0,5.0,2022-01-04 01:54:40.041,7,False,[],[],[],[]
63085,"Asia Mr. Rice, Inh. Vu, Duc Quang",Asian restaurant,Tiptop und lecker. Gutes Preis-Leistungs-Verhältnis,0,4.0,2022-01-01 21:06:10.952,15,False,[],[],[],[]
63085,"Asia Mr. Rice, Inh. Vu, Duc Quang",Asian restaurant,"Ich habe ein falsches Gericht bekommen. das Personal sah den Fehler bei mir, weil ich halt einfach das Falsche bestellt habe (als Vegetarier habe ich bestimmt kein Reis mit Huhn bestellt)
nach dem Erhalt des vermeintlich richtigem Essen, sah ich zuhause, dass die falsche Sauce mitgegeben wurde.
Zwei Sterne, weil das Essen trotzdem gut war. Nur leider sehr vom Personal enttäuscht.
Ich werde nicht mehr bei euch essen.",2,2.0,2021-12-19 18:16:11.489,109,False,"['Gericht', 'Personal', 'Sauce']","['Negative', 'Negative', 'Negative']","[0.9887, 0.9867, 0.8729]","[[4], [8], [50]]"
63085,"Asia Mr. Rice, Inh. Vu, Duc Quang",Asian restaurant,I am vietnamese and Mr Rice makes the best vietnamese Chicken Stir fry!,0,5.0,2021-12-09 13:28:29.125,20,False,"['Rice', 'Chicken Stir fry']","['Neutral', 'Positive']","[0.5564, 0.9922]","[[5], [10, 11, 12]]"
63085,"Asia Mr. Rice, Inh. Vu, Duc Quang",Asian restaurant,"Anfang des Jahres eine Lebensmittelentzündung aufgrund von gammligen Hühnerfleisch bekommen.

Gast werde ich dort nie wieder sein.",1,1.0,2021-12-07 12:49:01.264,30,False,"['Hühnerfleisch', 'Gast']","['Negative', 'Negative']","[0.9932, 0.9889]","[[8], [11]]"
63085,"Asia Mr. Rice, Inh. Vu, Duc Quang",Asian restaurant,"Die Thai Curry gebratene hänchen und gebratene ente mit erdnuß soße war lecker. 2 Gericht + 1 cola kostet 41 euro. Die laden ist sehr lautloss, es gibt keine hintergrundmusik, man hört alles was die andre kunden reden. Deswegen 4 sterne.",0,4.0,2021-11-20 08:14:14.497,74,False,"['Thai Curry gebratene', 'gebratene ente', 'soße', 'Gericht', 'laden']","['Positive', 'Positive', 'Neutral', 'Neutral', 'Negative']","[0.9716, 0.7987, 0.8105, 0.5179, 0.9475]","[[1, 2, 3], [6, 7], [10], [15], [24]]"
63085,"Asia Mr. Rice, Inh. Vu, Duc Quang",Asian restaurant,"Frisch gekocht und eine riesige Portion noch dazu! Leider zu wenig gewürzt, aber das ist ein Detail. Gerne wieder!",0,4.0,2021-11-05 17:20:41.987,35,False,['Portion'],['Positive'],[0.9918],[[5]]
63085,"Asia Mr. Rice, Inh. Vu, Duc Quang",Asian restaurant,"Nice Menu, with nice serve 👍♥️",1,5.0,2021-10-30 14:16:43.612,12,False,"['Menu', 'serve']","['Positive', 'Positive']","[0.9974, 0.9969]","[[1], [5]]"
63085,"Asia Mr. Rice, Inh. Vu, Duc Quang",Asian restaurant,Es geht,0,3.0,2021-07-04 17:53:09.101,5,False,[],[],[],[]
63085,"Asia Mr. Rice, Inh. Vu, Duc Quang",Asian restaurant,"Gutes Essen, anständiger Preis. Würde ich empfehlen, wenn man nicht zu viel Geld in die Hand nehmen will...",0,4.0,2021-10-13 21:11:40.808,30,False,['Essen'],['Positive'],[0.9172],[[1]]
63085,"Asia Mr. Rice, Inh. Vu, Duc Quang",Asian restaurant,"Hatten in den gebratenen Nudeln, veggi, Reststücke Fleisch drin... Geht gar nicht! Sofort wieder zurückgegeben, da werden wir sicher nicht mehr hingehen...",3,1.0,2021-10-08 16:55:09.388,40,False,"['gebratenen Nudeln', 'veggi', 'Fleisch']","['Negative', 'Negative', 'Negative']","[0.9936, 0.9951, 0.9956]","[[3, 4], [6], [9]]"
63085,"Asia Mr. Rice, Inh. Vu, Duc Quang",Asian restaurant,Unfreundlich essen schmeckt,0,2.0,2021-10-07 07:10:28.321,7,False,['essen'],['Positive'],[0.5806],[[1]]
63085,"Asia Mr. Rice, Inh. Vu, Duc Quang",Asian restaurant,"Vegetarisch bestellt und im eigetlich Vegetarischen Gericht Reststücke von Ente gefunden. Bei Reklamation hiess es, es sei Vegetarisch......",2,1.0,2021-10-04 07:09:21.928,36,False,['Ente'],['Negative'],[0.9799],[[9]]
63085,"Asia Mr. Rice, Inh. Vu, Duc Quang",Asian restaurant,"bereits das 2. mal mit 30minuten verspätung geliefert, schade, weil das essen wäre gut.",0,2.0,2021-09-23 10:27:04.737,29,False,['essen'],['Positive'],[0.8847],[[14]]
63085,"Asia Mr. Rice, Inh. Vu, Duc Quang",Asian restaurant,The food is fantastic. Personally recommend B8 (fried chicken) with fried rice. Have a bit of patience for the cashier and you will enjoy good food.,0,5.0,2021-09-19 13:09:22.180,41,False,"['food', 'cashier', 'food']","['Positive', 'Neutral', 'Positive']","[0.9935, 0.5844, 0.9935]","[[1], [23], [29]]"
63085,"Asia Mr. Rice, Inh. Vu, Duc Quang",Asian restaurant,"Man kann sich für 12.- eine Asiabox, seinen eigenen Wünschen entsprechend, zusammenstellen und dann genüsslich im Lokal oder takeaway verzehren! Es gibt natürlich auch Gerichte von der Karte",0,5.0,2021-09-06 20:56:54.174,52,False,"['Asiabox', 'Gerichte']","['Positive', 'Positive']","[0.8871, 0.9471]","[[8], [29]]"
63085,"Asia Mr. Rice, Inh. Vu, Duc Quang",Asian restaurant,Das essen hat Sehr schlecht gerochen und geschmeckt..,0,1.0,2021-09-05 14:28:47.231,17,False,['essen'],['Negative'],[0.9925],[[1]]
63085,"Asia Mr. Rice, Inh. Vu, Duc Quang",Asian restaurant,"Lecker, aber Wartezeit ist unglaublich lange.....",0,3.0,2021-09-02 17:57:04.010,15,False,['Wartezeit'],['Negative'],[0.9731],[[3]]
63085,"Asia Mr. Rice, Inh. Vu, Duc Quang",Asian restaurant,Gutes bufet zum selber zusammenstellen immer am mittag unter der woche.,0,5.0,2021-08-06 06:55:06.688,20,False,['bufet'],['Positive'],[0.9901],[[1]]
63085,"Asia Mr. Rice, Inh. Vu, Duc Quang",Asian restaurant,"gut, freundlich, guter preis",0,4.0,2021-07-19 10:03:36.184,10,False,['preis'],['Positive'],[0.9982],[[5]]
63085,"Asia Mr. Rice, Inh. Vu, Duc Quang",Asian restaurant,"Buffet nicht für Vegies geeignet, dafür aber preisweres Mittagessen a la carte",0,5.0,2021-07-14 12:22:25.705,23,False,"['Buffet', 'Mittagessen']","['Negative', 'Positive']","[0.9551, 0.8489]","[[0], [9]]"
63085,"Asia Mr. Rice, Inh. Vu, Duc Quang",Asian restaurant,Um 09:00 Uhr hatte ich die Bestllung auf 12:00 Uhr bestellt. Jedoch kam die Bestellung 35 Minuten zu spät. Somit wurde mein Mittag zur Wartezeit.,1,1.0,2021-06-15 10:31:23.291,42,False,['Wartezeit'],['Negative'],[0.959],[[30]]
63085,"Asia Mr. Rice, Inh. Vu, Duc Quang",Asian restaurant,Had to wait 30 minutes to get our order while they were bringing food upstairs... Usually it's faster but this time it was very slow and they were really rude.,0,1.0,2021-05-23 12:19:17.715,47,False,['food'],['Negative'],[0.6763],[[13]]
63085,"Asia Mr. Rice, Inh. Vu, Duc Quang",Asian restaurant,"Ziemlich im Ecken des Marktplatzes versteckt. Weiss man aber mal wo Mr. Rice ist, kommt man gerne immer wieder. Das Essen schmekt lecker und ist eine super Abwechslung zu den sonstigen Dönerbuden.",0,4.0,2021-04-12 13:18:39.518,54,False,"['. Rice', 'Essen']","['Positive', 'Positive']","[0.947, 0.9543]","[[13, 14], [24]]"
63085,"Asia Mr. Rice, Inh. Vu, Duc Quang",Asian restaurant,"Schwach!!
Trotz telefonischer Rückfrage massiv über 2 Stunden Lieferzeit. Unfreundliche Reaktion, keine Entschuldigung. Guter Service geht anders.
War vor allem auch für die beiden Kinder, die längst ins Bett wollten, aber auf ihr Abendessen warten mussten, sehr uncool.
Essen war immerhin gut.",3,2.0,2021-04-10 20:03:06.415,80,False,"['Lieferzeit', 'Service']","['Negative', 'Neutral']","[0.9345, 0.6395]","[[10], [19]]"
63085,"Asia Mr. Rice, Inh. Vu, Duc Quang",Asian restaurant,"Schnell und Fantastische Chinesische Küche, mehr kann, mann nicht Bewerten. Ich hatte gebratene Nudeln mit Creveten, ainfach Fantastisch die Chrevetten schöhn Gross und Raichlich, die Richtige garzait, ich bin 20Jahre China gefahren als Schiffskoch erst bai HL 18J. Nacher bai Rickmers Hammburg. Ich Liebe die Chinesische und. Alle Asijatischen Küchen forallen die Cantonesische Küche ainfach Fain, und Guht gekocht.! Ihr Google Rest. Gayt.",1,5.0,2021-03-06 19:41:16.032,122,False,[],[],[],[]
63085,"Asia Mr. Rice, Inh. Vu, Duc Quang",Asian restaurant,"frisch zubereitet, schmeckt super!",0,5.0,2020-11-27 17:32:31.468,12,False,[],[],[],[]
63085,"Asia Mr. Rice, Inh. Vu, Duc Quang",Asian restaurant,"Ein Mann ein Huhn!!
Das Huhn schmeckt nach Huhn, die Erdnusssauce schmeckt nach Erdnuss, demnach stimmt, was er verspricht. Dass man selbst arbeiten muss mag ich nicht, darum 2 Sterne abzug.",3,3.0,2020-11-26 12:42:23.889,57,False,['Erdnusssauce'],['Positive'],[0.9183],[[13]]
63085,"Asia Mr. Rice, Inh. Vu, Duc Quang",Asian restaurant,"Haben über ihre Homepage zur Abholung bestellt und eine Bestätigungsmail bekommen.
Zum angegebenen Zeitpunkt war das Essen nicht bereit und es wurde gesagt, dass die Bestellung nicht eingegangen sei. Die Bestätigungsmail war egal. Haben dann halt vor Ort nochmals bestellt und gewartet.
Das Essen war gut, die Portionen richtig gross, kann man nicht meckern. Der Rest überzeugt leider nicht so.",2,2.0,2020-11-23 14:52:13.395,101,False,"['Essen', 'Portionen']","['Negative', 'Positive']","[0.936, 0.4959]","[[17], [53]]"
63085,"Asia Mr. Rice, Inh. Vu, Duc Quang",Asian restaurant,"Ich habe bei eat.ch bestellt..
Das Essen an sich war ganz ok, es war warm und hat gut geschmeckt, leider könnte ich es auch so.
Die Portionen waren sättigend und die qualität wirkte auch gut.

Aber:
1. Von der Bestätigung bis zum Zeitpunkt der lieferung dauerte es satte 2 Stunden!!!!
2. Ich hatte ein Crevetten gericht.. in diesem befanden sich genau 2 Crevetten.
3. Die Pouletspiessli von meinem Partner waren sehr trocken.

Allerdings war der Lieferant sehr freundlich.

Trozdem werde ich nicht mehr bei Mr. Rice bestellen.",2,2.0,2020-11-01 19:16:39.920,148,False,[],[],[],[]
63085,"Asia Mr. Rice, Inh. Vu, Duc Quang",Asian restaurant,"Sehr sehr lecker, ich gehe oft mit meiner Freundin dorthin. Wir holen uns meistens Nudelbox mit Ente. Kann ich nur empfehlen. Mein lieblingsasiat in der Umgebung.",0,5.0,2020-10-24 15:42:39.729,47,False,"['Nudelbox', 'Ente']","['Positive', 'Positive']","[0.9981, 0.9975]","[[16], [18]]"
63085,"Asia Mr. Rice, Inh. Vu, Duc Quang",Asian restaurant,Gutes essen gute bedinung,0,5.0,2020-10-12 18:58:19.664,10,False,"['essen', 'bedinung']","['Positive', 'Positive']","[0.9977, 0.9982]","[[1], [3]]"
63085,"Asia Mr. Rice, Inh. Vu, Duc Quang",Asian restaurant,sehr gut,0,4.0,2020-10-10 20:02:20.005,5,False,[],[],[],[]
63085,"Asia Mr. Rice, Inh. Vu, Duc Quang",Asian restaurant,"Gutes Essen, jedoch ist sich das Team nicht immer einig. Uns wurde von einem Koch mitgeteilt, dass wir mit dem „Grossen Teller“ soviel nachschöpfen konnten wie wir wollten. Also haben wir uns zum Anfang nur eine sehr kleine Portion geholt, da wir davon ausgingen, dass wir danach wieder Nachschub holen kann. Als wir dann Nachschlag holen wollten, teile uns die Chefin mit, dass dies nicht möglich sei. Freundlicherweise bot sie uns nochmals eine kleine Portion an und schimpfte mit dem Koch. Ich weiss nicht mehr, ob er dort arbeitet.",1,5.0,2020-02-20 12:56:30.541,148,False,[],[],[],[]
63085,"Asia Mr. Rice, Inh. Vu, Duc Quang",Asian restaurant,"Bestelltes Essen kam nach 2 Stunden an.
Ente war trocken und kruste Bestand gefühlt aus Stein. Sauße hat nach geschmackslosem Wasser geschmeckt. Frühlingsrollen waren teils schwarz. Gemüse war weich und matschig. Klar kann man für ca. 16 Franken nicht viel erwarten, aber hier würde ich auf keinen fall mehr hingehen. Sogar Kebab Läden haben bessere Nudeln als die hier und sind auch noch billiger.",5,1.0,2020-08-08 18:27:35.898,109,False,"['Ente', 'Sauße', 'Frühlingsrollen', 'Gemüse', 'Nudeln']","['Negative', 'Negative', 'Negative', 'Negative', 'Negative']","[0.9332, 0.9933, 0.9923, 0.99, 0.913]","[[8], [18], [25], [30], [63]]"
63085,"Asia Mr. Rice, Inh. Vu, Duc Quang",Asian restaurant,"Lieferzeit ist nicht normal! Essen ist auch nicht der Hit! Unfreundlich und nicht einmal eine Entschuldigung! Wer auf sein Essen über 2 Stunden warten will, soll gerne hier bestellen! Nie wieder...",3,1.0,2020-08-03 18:38:05.432,47,False,"['Lieferzeit', 'Essen']","['Negative', 'Negative']","[0.9742, 0.9717]","[[0], [5]]"
63085,"Asia Mr. Rice, Inh. Vu, Duc Quang",Asian restaurant,"unfreundliches Personal, fragliche Quittung- Meiner Meinung mach völlig überteuert für Preis und Leistung.",2,1.0,2020-07-22 18:33:41.475,28,False,"['Personal', 'Preis']","['Negative', 'Negative']","[0.9943, 0.9648]","[[1], [12]]"
63085,"Asia Mr. Rice, Inh. Vu, Duc Quang",Asian restaurant,"Essen ist okay, mitarbeiter arbeiten langsam. Es geht zu lange bis man das essen bekommt, mit der menge die man zu essen bekommt, wird man nur als kleinkind satt. Man kann nicht mit karte bezahlen.",2,1.0,2020-07-19 15:49:06.348,52,False,"['Essen', 'mitarbeiter']","['Neutral', 'Negative']","[0.7869, 0.8451]","[[0], [4]]"
63085,"Asia Mr. Rice, Inh. Vu, Duc Quang",Asian restaurant,Gut aber sehr wütender Chef hat mit Gabeln den Koch beworfen weil er das falsch eingepackt hat... Leute Leute macht das nicht vor Kunden...,0,4.0,2020-05-06 21:53:58.323,40,False,"['Chef', 'Koch']","['Negative', 'Negative']","[0.7142, 0.9632]","[[4], [9]]"
63085,"Asia Mr. Rice, Inh. Vu, Duc Quang",Asian restaurant,"Mir würde es helfen wenn ihr ans Telefon gehen würdet. Beim anrufen euerer Nummer bin ich erst in ein Privat haus raus gekommen. Also ist der Laden nun offen oder nicht? Delivery, Abholen? Website geht auch nicht.",2,1.0,2020-04-30 16:45:37.330,62,False,['Website'],['Negative'],[0.7197],[[38]]
63085,"Asia Mr. Rice, Inh. Vu, Duc Quang",Asian restaurant,Alles war sehr lecker und frisch.,0,4.0,2020-03-10 10:26:10.450,13,False,[],[],[],[]
63085,"Asia Mr. Rice, Inh. Vu, Duc Quang",Asian restaurant,"Sehr gutes Fleisch
Ente
Poulet
Fisch
😋",0,4.0,2020-03-04 11:26:36.972,14,False,['Fleisch Ente Poulet Fisch'],['Positive'],[0.9984],"[[2, 3, 4, 5]]"
63085,"Asia Mr. Rice, Inh. Vu, Duc Quang",Asian restaurant,Gut & günstig,0,3.0,2020-02-15 07:17:06.859,6,False,[],[],[],[]
63085,"Asia Mr. Rice, Inh. Vu, Duc Quang",Asian restaurant,"Das Personal war viel zu unfreundlich, die Wartezeit war 3x so lange wie angekündigt und auch das ambiente weiss nicht zu überzeigen.",1,1.0,2020-02-09 11:44:52.914,35,False,"['Personal', 'Wartezeit', 'ambiente']","['Negative', 'Negative', 'Negative']","[0.9889, 0.9922, 0.9742]","[[1], [8], [18]]"
63085,"Asia Mr. Rice, Inh. Vu, Duc Quang",Asian restaurant,DA IST NAN GUT UND Günstig,0,4.0,2019-12-31 16:00:07.606,11,False,[],[],[],[]
63085,"Asia Mr. Rice, Inh. Vu, Duc Quang",Asian restaurant,"Ich habe den Lieferdienst getestet.
Das Essen kam warm. Der Lieferant freundlich. Jedoch über 40 Minuten Wartezeit, der angegebenen 40 Minuten Wartezeit.
Die WanTan waren super.
Der FriedRice war mit tollem knackigem Gemüse, jedoch etwas fad und das Poulet trocken, fasrig und nicht nach meinem Geschmack unmariniert.",3,2.0,2019-12-31 09:08:07.418,89,False,"['Lieferdienst', 'Essen', 'WanTan', 'FriedRice', 'Gemüse', 'Poulet']","['Positive', 'Positive', 'Positive', 'Positive', 'Negative', 'Negative']","[0.7203, 0.9095, 0.8985, 0.5159, 0.509, 0.4989]","[[3], [7], [28], [33], [38], [45]]"
63085,"Asia Mr. Rice, Inh. Vu, Duc Quang",Asian restaurant,Sehr sehr schlechtes Essen. Nuddeln nur ein klumpen. Fleisch hart und nicht frisch. Einfach nur entäuschend. Nie wieder,2,1.0,2019-12-29 19:00:12.421,36,False,"['Essen', 'Fleisch']","['Negative', 'Negative']","[0.9911, 0.9936]","[[3], [10]]"
63085,"Asia Mr. Rice, Inh. Vu, Duc Quang",Asian restaurant,Büffee mit 15 CHF pro Teller. Asia fast food. Personal unfreundlich.,0,3.0,2019-12-01 21:04:50.929,20,False,['Personal'],['Negative'],[0.961],[[11]]
63085,"Asia Mr. Rice, Inh. Vu, Duc Quang",Asian restaurant,"Haben Verschiedene Gerichte über Eat.ch bestellt, leider kam die Bestellung fast 50 Minuten zu spät an obwohl wir auch nur 10 Minuten vom Restaurant entfernt wohnen.

Dazu hin wurde auch noch das Falsche geliefert, ich habe Reis mit Tofu und Gemüse bestellt und schliesslich Rindfleisch bekommen....

Ich werde nicht mehr bei Mr.Rice bestellen...",3,1.0,2019-09-25 19:37:10.787,93,False,"['Reis mit Tofu', 'Rindfleisch']","['Negative', 'Negative']","[0.9964, 0.9964]","[[41, 42, 43], [49]]"
63085,"Asia Mr. Rice, Inh. Vu, Duc Quang",Asian restaurant,Bei der Bestellung wurde ein Getränk nicht geliefert. Das Essen war super. Als Wiedergutmachung  wurde mir ein gratis essen geliefert. Hut ab macht nicht jeder. Wer lecker essen will ist bei Mr.Rice richtig,0,5.0,2019-08-30 14:15:14.161,54,False,"['Getränk', 'Essen']","['Negative', 'Positive']","[0.8341, 0.9392]","[[5], [10]]"
63085,"Asia Mr. Rice, Inh. Vu, Duc Quang",Asian restaurant,Best place for asian rice in St. Gallen,1,5.0,2019-08-15 09:25:01.696,13,False,['asian rice'],['Positive'],[0.9924],"[[3, 4]]"
63085,"Asia Mr. Rice, Inh. Vu, Duc Quang",Asian restaurant,Supper essen. Echt genug für jeden. Man kann nicht mit Karte bezahlen. Es gibt einen 2. Stock. Es ist recht warm. Jemand im Personal ist immer genervt drauf.,0,4.0,2019-08-10 07:56:01.992,45,False,"['essen', 'Personal']","['Positive', 'Negative']","[0.9909, 0.6891]","[[1], [29]]"
63085,"Asia Mr. Rice, Inh. Vu, Duc Quang",Asian restaurant,"Vom Essen kann man nichts sagen, aber vom Preis Leistung gesehen, ist es nicht zu empfehlen. Lieferzeiten sind eine Katastrophe. Für Fastfood überteuert. Einer sehr überschaubare Portion für 22CHF. Keine Entschuldigung für 2h Wartezeit. Gesamturteil ein klares no go. Bei 120CHF hatte ich vom gesamten mehr erwartet. Denn wir reden immer noch von Fastfood.",1,1.0,2019-08-07 14:14:27.715,97,False,"['Essen', 'Preis', 'Lieferzeiten', 'Fastfood', 'Wartezeit']","['Neutral', 'Neutral', 'Negative', 'Negative', 'Negative']","[0.9575, 0.5706, 0.9851, 0.9937, 0.9906]","[[1], [9], [19], [25], [39]]"
63085,"Asia Mr. Rice, Inh. Vu, Duc Quang",Asian restaurant,Bestellung über EAT.ch etwas spät. Telefonisch nicht erreichbar. Jedoch war das Essen super und der Kurier freundlich.,0,4.0,2019-07-31 17:52:35.078,34,False,"['Essen', 'Kurier']","['Positive', 'Positive']","[0.9962, 0.9834]","[[15], [19]]"
63085,"Asia Mr. Rice, Inh. Vu, Duc Quang",Asian restaurant,"Das beste asiatische Restaurant, dass es in St. Gallen gibt. Buffet sowie von der Karte ist eine gute Wahl. Sehr lecker und unkompliziert.",0,5.0,2019-06-11 09:25:52.350,42,False,"['asiatische Restaurant', 'Buffet', 'Karte']","['Positive', 'Positive', 'Positive']","[0.9984, 0.9983, 0.9978]","[[2, 3], [13], [17]]"
63085,"Asia Mr. Rice, Inh. Vu, Duc Quang",Asian restaurant,"Muss leider nach meinem letzten Besuch einen Stern meiner Rezension entfernen. Das frisch bestellte und gekochte Essen ist, wie bereits unten erwähnt, sehr gut und ich kann mich nicht darüber beschweren.

Das Buffet mangelt aber definitiv an Qualität. Oftmals sehr fade und fettig und ich hatte ein paar Stunden danach Bauchschmerzen.
_________________________________________________________________
War zu Zeiten der Eröffnung öfters mal da und hatte gute Erfahrungen gemacht.
- Grosse Auswahl an verschiedenen Gerichten
- Auswahl zwischen Buffet und ""frisch"" zubereiteten Gerichten (Weiss nicht wie frisch die Zutaten sind)
- Nette Bedienung, gutes Preis/Leistungsverhältnis

Gestern war ich etwa nach einem halben Jahr wieder da und muss sagen, die Qualität hat sich gesteigert! Schade nur, dass eine Bezahlung mit Karte nicht mehr möglich ist.

Hatte Gebratene Ente mit Nudeln zum Mitnehmen und kann mich nicht beschweren. Gut zubereitet, gut gewürzt, ausreichende Menge.",0,3.0,2019-05-03 09:14:20.269,248,False,[],[],[],[]
585827,Riwa Gastro AG,Restaurant,Super Preis Leistung. Das Essen war einfach top. Auch das Personal sehr freundlich. Komme gerne wieder,3,5.0,2020-01-09 14:39:23.113,27,False,"['Essen', 'Personal']","['Positive', 'Positive']","[0.9985, 0.9986]","[[5], [12]]"
585827,Riwa Gastro AG,Restaurant,Immer sehr freundlich und wirklich TOP Essen. Ist immer ein Besuch wert,1,5.0,2022-09-18 10:15:05.203,19,False,['Essen'],['Positive'],[0.9986],[[6]]
585827,Riwa Gastro AG,Restaurant,"Wir waren gestern gegen Abend, 13.9. ca.18.00h im Restaurant Wsldegg zum Abendessen. Wir bestellten Hirschbröckli-Carpagio und Rehpfeffer. Die Vorspeise war sehr gut, als Vorspeise etwas zu üppig. Aber der Rehpfeffer war eine riesen Entdäuschung. Das Fleisch zu trocken, das Rotkrsut ohne geschmack und der Rosenkohl war ungeniesdbar, auch von den Spätzli waren wir entdäuscht. Wir haben schon oft im Waldegg gegessen und waren immer sehr zufrieden. Das Personal und der Service waren wie immer sehr freundlich und effizient. Schade, aber der Rehpfeffer war einfach nicht gschmackig.",3,2.0,2022-09-14 07:56:26.218,177,False,[],[],[],[]
585827,Riwa Gastro AG,Restaurant,Alles perfekt. Immer wieder ein Genuss!,1,5.0,2020-02-02 12:57:38.947,14,False,[],[],[],[]
585827,Riwa Gastro AG,Restaurant,Ausgezeichnete Küche wird gerne weiter empfohlen,0,5.0,2022-09-11 15:29:52.960,12,False,['Küche'],['Positive'],[0.9983],[[1]]
585827,Riwa Gastro AG,Restaurant,Piękne widoki z tarasu. Miła obsługa.,0,5.0,2022-09-09 18:48:42.364,20,False,"['widoki', 'tarasu', 'obsługa']","['Positive', 'Positive', 'Positive']","[0.9984, 0.9983, 0.998]","[[1], [3], [6]]"
585827,Riwa Gastro AG,Restaurant,Sehr schöne Aussicht. Freuntliches Personal,0,5.0,2022-09-09 15:05:39.905,13,False,"['Aussicht', 'Personal']","['Positive', 'Positive']","[0.9982, 0.9973]","[[2], [5]]"
585827,Riwa Gastro AG,Restaurant,Sehr leckeres essen!! Gute preise freundlicher service,0,4.0,2022-09-05 12:59:46.296,16,False,"['essen', 'preise', 'service']","['Positive', 'Positive', 'Positive']","[0.9981, 0.9984, 0.9974]","[[2], [6], [8]]"
585827,Riwa Gastro AG,Restaurant,"Nice restaurant, quite crowded but does not bother at all since there is lots of space. Delicious food and very friendly staff. Quite exoensice",0,4.0,2022-09-05 04:51:06.887,39,False,"['food', 'staff']","['Positive', 'Positive']","[0.9708, 0.8492]","[[19], [23]]"
585827,Riwa Gastro AG,Restaurant,Alles perfekt wie immer,0,5.0,2022-08-31 16:51:01.500,7,False,[],[],[],[]
585827,Riwa Gastro AG,Restaurant,"Im Restaurant Waldegg stimmt (für mich) alles und das beginnt mit der netten Dame am Telefon bei der Tischreservierung, dem freundlichen Empfang im Restaurant die super nette Bedienung(en) das leckere Essen inklusive dem Softice zum Dessert. Die fünf Sterne habt Ihr euch aber so was von verdient. Wir kommen wieder 👍",0,5.0,2022-08-30 17:17:32.379,84,False,"['Dame', 'Tischreservierung', 'Empfang', 'Bedienung', 'Essen', 'Softice zum']","['Positive', 'Positive', 'Positive', 'Positive', 'Positive', 'Positive']","[0.9641, 0.9877, 0.9946, 0.9945, 0.9916, 0.9971]","[[15], [20], [24], [30], [36], [39, 40]]"
585827,Riwa Gastro AG,Restaurant,"Ein wunderbar gelegenes Restaurant mit diversen Säälen, lichtdurchfluteten Räumen und einer schönen Terrasse mit Weitblick über den Zürichsee. Das Essen ist einfach fabelhaft ! Es gibt eine Menükarte mit einer grossen Auswahl an feinen Speisen. Auch die Dessertkarte bietet feine Leckereien. Vom Kaffee, Hauptgang bis hin zum Dessert - es wird alles sehr schön zubereitet (""das Auge isst ja bekanntlich mit !"") . Die Speisen  schmecken immer lecker - einfach einmalig - und auch die Bedienung ist sehr aufmerksam , hilfsbereit und zuvorkommend.
Man merkt, dass dieser Gastronomie-Betrieb sehr professionell geführt wird.
Ein dickes Lob an das gesamte Personal
des Restaurant Waldegg.
Eine Reservation ist empfehlenswert (da das Restaurant Waldegg in St. Galkenkappel, sehr gefragt ist).
Wir kommen gerne wieder !",1,5.0,2022-08-30 09:21:05.474,232,False,[],[],[],[]
585827,Riwa Gastro AG,Restaurant,Extrem empfehlenswert. Super freundliches Personal. Service ist top koordiniert- bravo,0,5.0,2022-08-21 17:57:17.154,21,False,"['Personal', 'Service']","['Positive', 'Positive']","[0.9979, 0.9979]","[[5], [7]]"
585827,Riwa Gastro AG,Restaurant,Super Sache. Dem ganzen Waldegg-Team.....weiter so. Eines der besten Restaurants in der Umgebung.,0,5.0,2022-08-21 14:50:25.249,29,False,['Restaurants'],['Positive'],[0.9864],[[19]]
585827,Riwa Gastro AG,Restaurant,"Freundlich, modern, tolles Restaurant",0,5.0,2022-08-21 01:51:06.946,10,False,['Restaurant'],['Positive'],[0.9984],[[5]]
585827,Riwa Gastro AG,Restaurant,"Top
Service, Essen Aussicht",0,5.0,2022-08-17 08:36:45.230,8,False,"['Service', 'Essen Aussicht']","['Positive', 'Positive']","[0.9975, 0.9967]","[[1], [3, 4]]"
585827,Riwa Gastro AG,Restaurant,"Super schöne Aussicht, leckeres Essen und freundliches Personal.",0,4.0,2022-08-16 00:41:38.392,18,False,"['Aussicht', 'Essen', 'Personal']","['Positive', 'Positive', 'Positive']","[0.9987, 0.9986, 0.9984]","[[2], [5], [8]]"
585827,Riwa Gastro AG,Restaurant,"Personal, Aussicht, Essen und das moderne Restaurant sind einfach nur Spitzenklasse!",0,5.0,2022-08-15 21:06:25.627,19,False,"['Personal', 'Aussicht', 'Essen', 'Restaurant']","['Positive', 'Positive', 'Positive', 'Positive']","[0.9982, 0.9985, 0.9986, 0.9986]","[[0], [2], [4], [8]]"
585827,Riwa Gastro AG,Restaurant,"Schöne Lage, feines Essen und gute Auswahl, freundliche Bedienung und tolle Idee, die fruchtig erfrischenden Eistee's!",0,5.0,2022-08-13 06:08:16.897,37,False,"['Lage', 'Essen', 'Bedienung', ""Eistee '""]","['Positive', 'Positive', 'Positive', 'Positive']","[0.9983, 0.9984, 0.9983, 0.9964]","[[1], [4], [10], [18, 19]]"
585827,Riwa Gastro AG,Restaurant,Immer wieder gerne,0,5.0,2022-07-30 06:22:08.753,7,False,[],[],[],[]
585827,Riwa Gastro AG,Restaurant,"Sehr freundliches Personal, Essen Top Qualität. Faires Preis/Leistungsverhältnis, entspannte Atmosphäre, gerne wieder!",1,5.0,2022-08-11 20:00:21.933,31,False,"['Personal', 'Essen', 'Atmosphäre']","['Positive', 'Positive', 'Positive']","[0.9937, 0.9792, 0.9889]","[[2], [4], [14]]"
585827,Riwa Gastro AG,Restaurant,Wunder schön gelegen,0,5.0,2022-08-09 18:22:25.932,6,False,['gelegen'],['Positive'],[0.9979],[[2]]
585827,Riwa Gastro AG,Restaurant,Gut gegessen und würden zuvorkommend bedient. Danke,0,4.0,2022-08-09 14:22:25.125,18,False,['bedient'],['Positive'],[0.9972],[[5]]
585827,Riwa Gastro AG,Restaurant,"Delicious food, helpful and competent staff. Nice view into the green. Top.",0,5.0,2022-08-07 17:50:10.666,19,False,"['food', 'staff', 'view']","['Positive', 'Positive', 'Positive']","[0.9978, 0.9973, 0.9963]","[[1], [6], [9]]"
585827,Riwa Gastro AG,Restaurant,Personal foarte amabil!!! Mi-a schimbat desertul fara sa ii spun ceva doar pentru că nu era făcut platingul cum trebuie.,1,5.0,2022-08-07 12:29:56.868,39,False,"['Personal', 'desertul']","['Positive', 'Neutral']","[0.9949, 0.847]","[[0], [10]]"
585827,Riwa Gastro AG,Restaurant,"Schönes, grosses Restaurant mit einer tollen Gartenterrasse und sehr freundlichem Personal",0,4.0,2022-08-06 11:00:17.084,22,False,"['Restaurant', 'Gartenterrasse', 'Personal']","['Positive', 'Positive', 'Positive']","[0.9985, 0.9987, 0.9971]","[[3], [7], [11]]"
585827,Riwa Gastro AG,Restaurant,Traumhafte Aussicht. Immer genug Parkplätze. Tolle Bedienung. Alles bestens.,0,5.0,2022-08-05 13:56:06.194,25,False,"['Aussicht', 'Parkplätze', 'Bedienung']","['Positive', 'Positive', 'Positive']","[0.9976, 0.9978, 0.9982]","[[1], [5], [8]]"
585827,Riwa Gastro AG,Restaurant,"Wir kommen immer sehr gerne, um uns richtig verwöhnen zu lassen. Professionelle Bedienung, exzellente Küche. Doch diesesmal konnten wir unmöglich draussen Essen. Soviele Wespen im Essen und um uns herum. Wir mussten hinein ins Restaurant gehen. Wir denken, dass es evtl.unter der Terasse ein grosses Wespennest geben muss.",0,5.0,2022-08-04 18:29:40.415,91,False,"['Bedienung', 'Küche']","['Positive', 'Positive']","[0.9905, 0.9748]","[[14], [17]]"
585827,Riwa Gastro AG,Restaurant,Immer wieder mal zu Besuch 😇,0,5.0,2022-07-29 17:08:29.079,10,False,[],[],[],[]
585827,Riwa Gastro AG,Restaurant,Impeccable !,0,5.0,2022-07-29 16:11:57.146,7,False,[],[],[],[]
585827,Riwa Gastro AG,Restaurant,"Freundliche, aufmerksame Bedienung, wir waren über Mittag da, wollten nur etwas kleines Essen, alles super gepasst 👍sehr schöne Terasse mit toller Aussicht 🌄 wir kommen sicher wieder gerne 😎",1,4.0,2022-07-27 15:09:03.885,56,False,"['Bedienung', 'Essen', 'Terasse', 'Aussicht']","['Positive', 'Positive', 'Positive', 'Positive']","[0.9763, 0.9583, 0.9936, 0.9935]","[[3], [15], [22], [25]]"
585827,Riwa Gastro AG,Restaurant,Feines Essen guter Service. Mehr gibt's da nicht zu sagen,0,5.0,2022-07-26 13:29:32.781,19,False,"['Essen', 'Service']","['Positive', 'Positive']","[0.9978, 0.9979]","[[1], [3]]"
585827,Riwa Gastro AG,Restaurant,einfach super!,0,5.0,2021-11-03 21:00:26.568,6,False,[],[],[],[]
585827,Riwa Gastro AG,Restaurant,Alles Perfect! Service... Sehr Lecker... Sauber ... Sonnenterasse sehr schön! Genug Platz ..Sehr freundlich..  Unglaublich frische Produkte... Geschmacksexlplosion und alles auf den Punkt🥰👍👍👍💕,1,5.0,2022-07-17 17:00:05.570,58,False,"['Service', 'Sonnenterasse', 'Platz', 'Produkte', 'Geschmacksexlplosion']","['Positive', 'Positive', 'Positive', 'Positive', 'Positive']","[0.9983, 0.9985, 0.9985, 0.9987, 0.9988]","[[3], [16], [21], [30], [34]]"
585827,Riwa Gastro AG,Restaurant,Perfekt in allen Bereichen! So macht es Spass essen zu gehen! Herzlichen Dank für den tollen Service und das phänomenale Essen!,2,5.0,2022-07-16 20:08:10.763,36,False,"['essen', 'Service', 'Essen']","['Positive', 'Positive', 'Positive']","[0.9986, 0.9984, 0.9969]","[[9], [18], [22]]"
585827,Riwa Gastro AG,Restaurant,Sehr schönes Restaurant!,0,5.0,2022-07-16 16:24:02.566,8,False,['Restaurant'],['Positive'],[0.9982],[[2]]
585827,Riwa Gastro AG,Restaurant,"Feines Nachtessen in speziellem Ambiente auf dem Heimweg. Freundliches, aufmerksames Personal.",0,4.0,2022-07-05 06:35:39.892,27,False,"['Nachtessen', 'Ambiente', 'Personal']","['Positive', 'Positive', 'Positive']","[0.9924, 0.9887, 0.9849]","[[1], [4], [12]]"
585827,Riwa Gastro AG,Restaurant,"Sehr zu empfehlen: Gemütliche Terrasse mit Weitblick, hervorragendes Essen (sehr gut im Geschmack und sehr schön angerichtet) und sehr freundlicher und kompetenter Service. Wir genießen es jedes Mal sehr!",1,5.0,2022-07-16 13:57:05.310,53,False,"['Terrasse', 'Essen', 'Service']","['Positive', 'Positive', 'Positive']","[0.9984, 0.9985, 0.9986]","[[5], [10], [26]]"
585827,Riwa Gastro AG,Restaurant,Schöne gelegen mit Blick Richtung Berge und Zürichsee. Gute Küche mit regionalem Angebot,0,4.0,2022-07-13 08:12:28.445,23,False,"['gelegen', 'Küche']","['Positive', 'Positive']","[0.9982, 0.9837]","[[1], [10]]"
585827,Riwa Gastro AG,Restaurant,"Freundliche Bedienung, gutes Essen und eine Phänomenale Aussicht. Der Sportlerteller war gigantisch.",0,5.0,2022-07-04 12:08:05.154,27,False,"['Bedienung', 'Essen', 'Aussicht', 'Sportlerteller']","['Positive', 'Positive', 'Positive', 'Positive']","[0.9981, 0.9983, 0.9983, 0.998]","[[1], [4], [8], [11]]"
585827,Riwa Gastro AG,Restaurant,"Ausgezeichnete Küche, Personal sehr freundlich!
Empfehlenswert. Wir kommen gerne wieder.",1,5.0,2022-07-03 15:32:12.969,22,False,"['Küche', 'Personal']","['Positive', 'Positive']","[0.9986, 0.9987]","[[1], [3]]"
585827,Riwa Gastro AG,Restaurant,"Top Service, sehr aufmerksam und freundlich.  Essen war top.... schöne grosse portionen",0,5.0,2022-07-03 07:42:45.691,25,False,"['Service', 'Essen', 'portionen']","['Positive', 'Positive', 'Positive']","[0.9984, 0.9985, 0.9919]","[[1], [8], [17]]"
585827,Riwa Gastro AG,Restaurant,"Gastronomie, wie man sie gerne hat. Gute Karte, gute Küche, gutes Personal, freundlich, schönes Lokal und preislich akzeptable. Ich war zweimal da und komme wieder.",0,5.0,2022-06-28 19:26:26.785,45,False,"['Gastronomie', 'Karte', 'Küche', 'Personal', 'Lokal']","['Positive', 'Positive', 'Positive', 'Positive', 'Positive']","[0.9904, 0.9975, 0.9975, 0.9951, 0.9641]","[[0], [9], [12], [15], [20]]"
585827,Riwa Gastro AG,Restaurant,"Super Restaurant.
Super Team.
Immer gute Stimmung.
Immer gutes Essen.
Toller Ausblick.
Man wir immer freundlich und aufmerksam bedient.
Wir waren heute dort um meinen Geburtstag nachzufeiern, ich bekam sogar noch ein Salatdressing des Hauses geschenkt, obwohl sie nur nebenbei mit bekamen das ich Geburtstag habe, ich hab mich mega gefreut.
Auch für die Kinder gab es sehr viel an Überraschungen.
Vielen Lieben Dank den ganzen Waldegg Team
Wir kommen wie immer wieder, gerne zu Euch 😊",2,5.0,2022-06-26 13:00:04.473,132,False,[],[],[],[]
585827,Riwa Gastro AG,Restaurant,"Es war sehr schön draußen auf der Terrasse. Wir hatten beide ein Cup gegessen und ein Kaffee dazu.
Es hat zum Glück etwas gewindet.",1,5.0,2022-06-19 14:32:42.979,39,False,"['Terrasse', 'Kaffee']","['Positive', 'Neutral']","[0.9927, 0.626]","[[7], [17]]"
585827,Riwa Gastro AG,Restaurant,sehr freundliches Personal!,0,5.0,2022-06-15 18:35:44.292,9,False,['Personal'],['Positive'],[0.9982],[[2]]
585827,Riwa Gastro AG,Restaurant,Für Veganer nicht empfehlenswert,0,4.0,2019-03-09 10:13:41.277,9,False,[],[],[],[]
585827,Riwa Gastro AG,Restaurant,"Super Aussicht und aufmerksamer Service. Das Angebot ist reichlich und mit Highlights, die nicht überall zu bekommen sind",0,5.0,2022-06-12 20:17:13.945,29,False,"['Aussicht', 'Service', 'Angebot']","['Positive', 'Positive', 'Positive']","[0.9984, 0.9975, 0.9975]","[[1], [4], [7]]"
585827,Riwa Gastro AG,Restaurant,Sehr schönes Restaurant und sehr gutes Essen,0,5.0,2022-06-12 12:50:17.424,13,False,"['Restaurant', 'Essen']","['Positive', 'Positive']","[0.9984, 0.9984]","[[2], [6]]"
585827,Riwa Gastro AG,Restaurant,Top Restaurant,0,5.0,2022-01-24 19:38:09.217,4,False,['Restaurant'],['Positive'],[0.995],[[1]]
585827,Riwa Gastro AG,Restaurant,sehr fein danke,0,4.0,2022-06-01 13:51:02.827,7,False,[],[],[],[]
585827,Riwa Gastro AG,Restaurant,"Einfach tolles Essen mit einer sehr guten Portiongrösse, das Personal war zuvorkommend und nett! Ist wärmstens zu empfehlen!",2,5.0,2022-05-31 04:39:30.231,36,False,"['Essen', 'Portiongrösse', 'Personal']","['Positive', 'Positive', 'Positive']","[0.9981, 0.9988, 0.9982]","[[2], [7], [10]]"
585827,Riwa Gastro AG,Restaurant,Sehr freundliches Personal und gutes Essen. Lage ist top,0,5.0,2022-05-29 17:03:35.227,16,False,"['Personal', 'Essen', 'Lage']","['Positive', 'Positive', 'Positive']","[0.9984, 0.9985, 0.9984]","[[2], [5], [7]]"
585827,Riwa Gastro AG,Restaurant,👌,0,5.0,2022-05-26 15:19:28.888,4,False,[],[],[],[]
585827,Riwa Gastro AG,Restaurant,Magnifique terrasse😎,1,5.0,2022-05-25 06:57:13.322,6,False,['terrasse😎'],['Positive'],[0.9976],[[1]]
585827,Riwa Gastro AG,Restaurant,"Wir waren am Muttertag spontan in der Waldegg und haben uns gefreut, noch einen Platz zu bekommen. Wir hatten ein Schweine-Steak mit Salat. Es war fein und die Portion riesig! Dazu war der Service aufmerksam und freundlich. Alles in allem ein sehr erfreulicher Besuch. Einziger Minuspunkt ist die Atmosphäre, die etwas an ein Autobahnrestaurant erinnert.",1,4.0,2022-05-22 17:54:42.019,99,False,"['Schweine - Steak', 'Portion', 'Service', 'Atmosphäre']","['Positive', 'Positive', 'Positive', 'Positive']","[0.9964, 0.9962, 0.9929, 0.9923]","[[22, 23, 24], [33], [39], [56]]"
585827,Riwa Gastro AG,Restaurant,"Sehr feines Essen, sehr freundliches Personal, absolut empfehlenswert!",0,5.0,2022-05-18 14:42:00.723,20,False,"['Essen', 'Personal']","['Positive', 'Positive']","[0.9986, 0.9986]","[[2], [6]]"
585827,Riwa Gastro AG,Restaurant,"Qualität, Service und Freundlichkeit werden GROSSGESCHRIEBEN.",0,5.0,2022-05-16 15:07:50.044,16,False,"['Qualität', 'Service', 'Freundlichkeit']","['Positive', 'Positive', 'Positive']","[0.9977, 0.9976, 0.9967]","[[0], [2], [4]]"
585827,Riwa Gastro AG,Restaurant,Sehr gutes Preis /leistungsverhältnis leckere Speisen,0,5.0,2022-05-15 20:54:15.232,18,False,['Speisen'],['Positive'],[0.9984],[[6]]
585827,Riwa Gastro AG,Restaurant,Schönes Restaurant freundlicher Service,0,4.0,2022-05-12 15:33:31.345,9,False,"['Restaurant', 'Service']","['Positive', 'Positive']","[0.998, 0.998]","[[1], [3]]"
585827,Riwa Gastro AG,Restaurant,"Korrekter Service, gute Glace und Kaffee",1,5.0,2022-05-10 16:42:26.316,13,False,"['Service', 'Glace', 'Kaffee']","['Positive', 'Positive', 'Positive']","[0.9621, 0.9948, 0.9776]","[[1], [4], [6]]"
585827,Riwa Gastro AG,Restaurant,Essen fantastisch..Frisch..schön angerichtet..Bedienung sehr freundlich..aufmerksam..,0,5.0,2022-05-08 20:14:48.069,29,False,"['Essen', 'Bedienung']","['Positive', 'Positive']","[0.9985, 0.9986]","[[0], [11]]"
585827,Riwa Gastro AG,Restaurant,Die Mitarbeiter wahren freundlich und zu vorkommend. Das Essen wahr gut nur bei der Torte wahr ich nicht sicher ob es ein TK Produkt wahr.,0,4.0,2022-05-07 09:06:01.515,37,False,"['Mitarbeiter', 'Essen', 'Torte']","['Positive', 'Positive', 'Negative']","[0.9946, 0.9715, 0.863]","[[1], [9], [15]]"
585827,Riwa Gastro AG,Restaurant,Gutes Essen und freundliche Bedienung.,0,5.0,2022-05-01 19:28:15.935,11,False,"['Essen', 'Bedienung']","['Positive', 'Positive']","[0.998, 0.9983]","[[1], [4]]"
585827,Riwa Gastro AG,Restaurant,Superschön und gut,0,5.0,2022-04-30 12:31:20.315,6,False,[],[],[],[]
585827,Riwa Gastro AG,Restaurant,"gutes freundliches Personal, schöne Gartenwirtschaft mit toller Aussicht auf Zürichsee usw. Preis Leistung io, ob wohl der Kaffeepreis sich am oberen segment bewegt, immer noch empfelenswert",1,4.0,2021-07-05 18:11:02.571,49,False,"['Personal', 'Gartenwirtschaft', 'Preis', 'Kaffeepreis']","['Positive', 'Positive', 'Neutral', 'Positive']","[0.9976, 0.9962, 0.7632, 0.6465]","[[2], [5], [13], [20]]"
585827,Riwa Gastro AG,Restaurant,Ein sehr guter Betrieb.,0,4.0,2022-04-27 14:26:41.490,9,False,['Betrieb'],['Positive'],[0.9983],[[3]]
585827,Riwa Gastro AG,Restaurant,Sehr shöne ausichten,0,4.0,2022-04-27 03:14:59.115,11,False,[],[],[],[]
585827,Riwa Gastro AG,Restaurant,"Gutes Essen
Freundliches Personal
Tolle Aussicht
Sehr gut gelungene Architektur",1,5.0,2022-04-22 19:16:51.639,19,False,"['Essen', 'Personal', 'Aussicht', 'Architektur']","['Positive', 'Positive', 'Positive', 'Positive']","[0.9983, 0.9984, 0.9986, 0.9977]","[[1], [3], [5], [9]]"
585827,Riwa Gastro AG,Restaurant,Essen wird von Besuch zu Besuch immer sclechter. Wir werden nicht mehr vorbeigehen obwohl wir seit Jahren Kunden waren..,2,2.0,2022-04-21 15:01:24.789,30,False,['Essen'],['Negative'],[0.9412],[[0]]
585827,Riwa Gastro AG,Restaurant,Immer nett und schnelle Bedienung,0,4.0,2020-08-12 21:22:01.392,11,False,['Bedienung'],['Positive'],[0.9985],[[4]]
585827,Riwa Gastro AG,Restaurant,Tolles Buffet!,0,5.0,2022-04-17 18:30:52.406,7,False,['Buffet'],['Positive'],[0.998],[[1]]
585827,Riwa Gastro AG,Restaurant,"Fantastische Aussicht, grosse Terrasse",0,5.0,2022-04-16 19:36:40.755,10,False,"['Aussicht', 'Terrasse']","['Positive', 'Positive']","[0.9984, 0.9979]","[[1], [4]]"
585827,Riwa Gastro AG,Restaurant,Mega cool und fein wars.,0,5.0,2022-04-13 19:08:43.055,8,False,[],[],[],[]
585827,Riwa Gastro AG,Restaurant,Das Panorama ist espectacular,1,5.0,2022-04-13 18:07:08.861,8,False,['Panorama'],['Positive'],[0.998],[[1]]
585827,Riwa Gastro AG,Restaurant,"Meine Geburtstagsfeier mit meiner Familie. Wir wurden sehr freundlich und aufmerksam empfangen. Frau Liechti und der ""kleine"" Kellner haben das würdig gemacht. Danke.
Walter C. Landolt  - Uznach.",0,5.0,2022-04-10 19:36:34.902,57,False,"['Frau', '"" Kellner']","['Positive', 'Positive']","[0.9941, 0.9903]","[[14], [20, 21]]"
585827,Riwa Gastro AG,Restaurant,"Einfach toll, wie immer.
Ornella & Fulvio",0,5.0,2018-07-23 16:47:41.197,14,False,[],[],[],[]
585827,Riwa Gastro AG,Restaurant,"Ist immer einen Besuch Wert und bei schönem Wetter sehr schöne Aussicht auf der Terrasse...
Von der Küchenhilfe bis zur Geschäftsführerin alle sehr höflich und die Bedienung ist sehr aufgeschlossen und aufmerksam ohne aufdringlich zu sein.",0,4.0,2022-04-08 15:39:12.322,58,False,"['Aussicht', 'Terrasse', 'Küchenhilfe', 'Geschäftsführerin', 'Bedienung']","['Positive', 'Positive', 'Positive', 'Positive', 'Positive']","[0.9984, 0.9981, 0.997, 0.9965, 0.9957]","[[11], [14], [20], [23], [29]]"
585827,Riwa Gastro AG,Restaurant,Super fein gegessen !,0,5.0,2022-04-04 20:18:30.965,8,False,[],[],[],[]
585827,Riwa Gastro AG,Restaurant,Fein und guter Service,0,5.0,2022-03-31 08:01:58.303,7,False,['Service'],['Positive'],[0.9979],[[3]]
585827,Riwa Gastro AG,Restaurant,"Restaurant Waldegg ist sehr empfehlenswert.
Alles Personal ist sehr freundlich und jeder Gast ist wirklich willkommen.
Essen spitze!",0,5.0,2022-03-30 13:28:47.031,34,False,"['Restaurant', 'Personal', 'Essen']","['Positive', 'Positive', 'Positive']","[0.9985, 0.9986, 0.9961]","[[0], [7], [18]]"
585827,Riwa Gastro AG,Restaurant,"Super schönes Restaurant, wirklich sehr zu empfehlen. Auch für den Znüni / Zmorge ideal mit viel Auswahl.",0,5.0,2022-03-29 06:17:09.054,32,False,"['Restaurant', 'Znüni', 'Zmorge']","['Positive', 'Positive', 'Positive']","[0.9986, 0.9978, 0.9976]","[[2], [12], [14]]"
585827,Riwa Gastro AG,Restaurant,Freundliche Bedienung feines Essen,0,5.0,2022-03-28 13:32:09.024,9,False,"['Bedienung', 'Essen']","['Positive', 'Positive']","[0.9979, 0.9978]","[[1], [3]]"
585827,Riwa Gastro AG,Restaurant,Sehr freundliches Personal und super leckeres Essen,0,5.0,2022-03-26 15:33:24.985,14,False,"['Personal', 'Essen']","['Positive', 'Positive']","[0.9984, 0.9983]","[[2], [6]]"
585827,Riwa Gastro AG,Restaurant,Sehr gutes Essen und freundliche Bedienung.,2,5.0,2022-03-26 06:03:20.466,13,False,"['Essen', 'Bedienung']","['Positive', 'Positive']","[0.9983, 0.9985]","[[2], [5]]"
585827,Riwa Gastro AG,Restaurant,"Fantastische Produkte, sehr zuvorkommender Service!",0,5.0,2022-03-21 18:24:24.023,14,False,"['Produkte', 'Service']","['Positive', 'Positive']","[0.9984, 0.9983]","[[1], [5]]"
585827,Riwa Gastro AG,Restaurant,"Sehr schönes Restaurant.Genügend Parkplätze,Schöne Terasse mit wunderbarer Aussicht.Sehr feines Essen.Sehr freundliches Personal.",1,5.0,2022-03-21 07:22:31.796,34,False,"['Restaurant', 'Parkplätze', 'Terasse', 'Aussicht', 'Essen', 'Personal']","['Positive', 'Positive', 'Positive', 'Positive', 'Positive', 'Positive']","[0.9975, 0.9982, 0.9984, 0.9981, 0.995, 0.9932]","[[2], [5], [8], [11], [15], [19]]"
585827,Riwa Gastro AG,Restaurant,Super essen und service personal super 🙂,1,5.0,2022-03-20 13:28:57.250,10,False,"['essen', 'service personal']","['Positive', 'Positive']","[0.9977, 0.9979]","[[1], [3, 4]]"
585827,Riwa Gastro AG,Restaurant,wie immer top freundlich und sehr leckeres essen… komme immer wieder gerne mit meiner familie fründlichi grüess kusi (k-kreation garage),0,5.0,2022-03-20 01:28:39.452,41,False,['essen'],['Positive'],[0.9983],[[7]]
585827,Riwa Gastro AG,Restaurant,Wie immer top service und das essen war traumhaft,0,5.0,2022-03-19 10:18:10.788,12,False,"['service', 'essen']","['Positive', 'Positive']","[0.9982, 0.9982]","[[3], [6]]"
585827,Riwa Gastro AG,Restaurant,Super feine kalte Schoggi,0,5.0,2018-10-28 16:13:12.762,9,False,['Schoggi'],['Positive'],[0.9974],[[3]]
585827,Riwa Gastro AG,Restaurant,"Sehr schöne aussicht, leckeres essen und sehr freundliches personal! Komme gerne wieder!",0,5.0,2022-03-16 10:22:32.780,28,False,"['aussicht', 'essen', 'personal']","['Positive', 'Positive', 'Positive']","[0.9989, 0.9988, 0.9982]","[[2], [5], [9]]"
585827,Riwa Gastro AG,Restaurant,Sehr guter Service und bezaubernde Gerichte. Das Ganze Restaurant ist sehr modern gestaltet und macht einen professionellen Eindruck.,3,5.0,2022-03-08 06:41:26.957,34,False,"['Service', 'Gerichte', 'Restaurant']","['Positive', 'Positive', 'Positive']","[0.9984, 0.9984, 0.9978]","[[2], [5], [9]]"
585827,Riwa Gastro AG,Restaurant,Sehr schöne Aussicht mit einem gepflegten Restaurant. Freundliches Personal. Gute Auswahl an Speisen und Desserts.,2,5.0,2022-03-04 17:30:46.997,32,False,"['Aussicht', 'Restaurant', 'Personal', 'Speisen', 'Desserts']","['Positive', 'Positive', 'Positive', 'Positive', 'Positive']","[0.9985, 0.9982, 0.9978, 0.9972, 0.9919]","[[2], [6], [9], [14], [16]]"
585827,Riwa Gastro AG,Restaurant,"Wie immer, einfach sehr fein.😊",0,5.0,2022-03-02 21:17:54.148,12,False,[],[],[],[]
585827,Riwa Gastro AG,Restaurant,Sehr freundliche und aufmerksame Bedienung und das Essen ist ein Traum.,0,5.0,2022-02-28 21:36:28.170,19,False,"['Bedienung', 'Essen']","['Positive', 'Positive']","[0.9982, 0.9983]","[[4], [7]]"
585827,Riwa Gastro AG,Restaurant,"Alles perfekt. Sehr zuvorkommend, tolles Ambiente, kreative Küche.
Vielen Dank für die ausgezeichnete Bewirtung.",0,5.0,2022-02-28 20:04:58.167,35,False,"['Ambiente', 'Küche', 'Bewirtung']","['Positive', 'Positive', 'Positive']","[0.9987, 0.9981, 0.9972]","[[7], [10], [17]]"
585827,Riwa Gastro AG,Restaurant,"Super tolles Restaurant 🥰...der Service war absolut professionell. Ein junger aufmerksamer Kellner, mit Charme und Witz. Einfach sensationell. Der Abend hat uns, ausgezeichnet gefallen. Wir kommen auf jeden Fall wieder. 👍👌🥰",1,5.0,2022-02-26 15:39:53.225,60,False,"['Restaurant', 'Service', 'Kellner']","['Positive', 'Positive', 'Positive']","[0.9983, 0.9983, 0.9984]","[[2], [8], [16]]"
585827,Riwa Gastro AG,Restaurant,"Schon, gemütlich, super Panorama. Essen sehr gut und Bedienung perfekt.",0,4.0,2022-02-26 15:05:03.591,21,False,"['Panorama', 'Essen', 'Bedienung']","['Positive', 'Positive', 'Positive']","[0.9978, 0.9982, 0.9985]","[[5], [7], [11]]"
585827,Riwa Gastro AG,Restaurant,"Sehr toller Ort, spontan bei einer Motorradtour eingekehrt. Das Personal war sehr freundlich und die Aussicht lohnt sich. Das Essen kam sehr speditiv ohne das es stressig war und war sehr Lecker. Super war die Sauce zum Colesla",0,5.0,2022-02-24 15:32:32.423,65,False,"['Ort', 'Personal', 'Aussicht', 'Essen', 'Sauce zum Colesla']","['Positive', 'Positive', 'Positive', 'Positive', 'Positive']","[0.9973, 0.9973, 0.9967, 0.9955, 0.9984]","[[2], [11], [17], [22], [39, 40, 41]]"
585827,Riwa Gastro AG,Restaurant,feines Essen. Super Ausicht und eine nette Bedienung,0,5.0,2022-02-23 18:05:07.858,15,False,"['Essen', 'Ausicht', 'Bedienung']","['Positive', 'Positive', 'Positive']","[0.998, 0.9984, 0.9984]","[[1], [4], [8]]"
585827,Riwa Gastro AG,Restaurant,Super Essen und top bedinung 👌 👍 🙋‍♂️,0,5.0,2022-02-23 16:06:37.221,18,False,"['Essen', 'bedinung']","['Positive', 'Positive']","[0.9985, 0.9985]","[[1], [4]]"
585827,Riwa Gastro AG,Restaurant,"Sehr feines Essen
Ganz freundliche und nette Bedienung.
Toller Blick auf Berge und den Zürichsee mit dem Damm und den 2 Inseln...
Wir kommen gerne wieder 🤗",0,5.0,2022-02-21 21:34:58.652,44,False,"['Essen', 'Bedienung', 'Blick', 'Zürichsee']","['Positive', 'Positive', 'Positive', 'Positive']","[0.9985, 0.9985, 0.9985, 0.9985]","[[2], [7], [10], [15]]"
585827,Riwa Gastro AG,Restaurant,Einfach super,0,5.0,2022-02-20 19:11:30.098,5,False,[],[],[],[]
585827,Riwa Gastro AG,Restaurant,"Service Super, Essen fad und ohne finesse. Krittik nich angenommen, danach fragete niemand nach Kaffe oder zu zTrinken. Zum zahlen an die Kasse gechickt doch es kamm niemand zum Kassieren.",3,2.0,2022-02-18 18:55:14.954,56,False,"['Service', 'Essen']","['Negative', 'Negative']","[0.6647, 0.8878]","[[0], [3]]"
585827,Riwa Gastro AG,Restaurant,Essen war sehr gut. Leider über eine halbe Std. Wartezeit bis Essen von der Küche serviert wurde !,0,4.0,2022-02-18 16:44:51.638,31,False,"['Essen', 'Wartezeit']","['Positive', 'Negative']","[0.9944, 0.9752]","[[0], [11]]"
585827,Riwa Gastro AG,Restaurant,"Super Essen und gute , nette Bedienung.",0,5.0,2022-02-17 20:14:05.003,14,False,"['Essen', 'Bedienung']","['Positive', 'Positive']","[0.9982, 0.9985]","[[1], [6]]"
585827,Riwa Gastro AG,Restaurant,"Sehr schöner Restaurant und freundliches Personal. Essen war auch sehr fein.
Ist sehr empfehlenswert !",2,5.0,2022-02-12 13:34:40.712,29,False,"['Restaurant', 'Personal', 'Essen']","['Positive', 'Positive', 'Positive']","[0.9986, 0.9986, 0.9986]","[[2], [5], [7]]"
585827,Riwa Gastro AG,Restaurant,😉🔥,1,5.0,2022-02-11 18:18:25.487,5,False,[],[],[],[]
585827,Riwa Gastro AG,Restaurant,"Sehr freundliches, zuvorkommendes Personal. Sehr feines Dessert und angenehme Preise.
Gerne wieder.",1,4.0,2022-02-06 17:47:14.576,30,False,"['Personal', 'Dessert', 'Preise']","['Positive', 'Positive', 'Positive']","[0.9976, 0.9963, 0.9942]","[[4], [8], [11]]"
585827,Riwa Gastro AG,Restaurant,Schön gelegen,1,4.0,2022-02-05 12:33:45.739,5,False,['gelegen'],['Positive'],[0.9976],[[1]]
585827,Riwa Gastro AG,Restaurant,"Sehr feine Küche, Teller schön angerichtet. Schneller Service. Freundliche Bedienung. Gerne immer wieder.",1,5.0,2022-02-01 16:55:40.534,28,False,"['Küche', 'Teller', 'Service', 'Bedienung']","['Positive', 'Positive', 'Positive', 'Positive']","[0.9982, 0.9982, 0.9983, 0.9982]","[[2], [4], [9], [12]]"
585827,Riwa Gastro AG,Restaurant,Tip top,1,5.0,2022-01-31 17:14:10.344,4,False,[],[],[],[]
585827,Riwa Gastro AG,Restaurant,"Preiswert gut bürgerliche Küche, gutes Ambiente,  leider für Ausflüge, sprich Rentner die es eher gemütlich nehmen eher Stressig, da das Essen schon beim Apero serviert wurde.",1,4.0,2022-01-29 19:13:12.925,53,False,"['Küche', 'Ambiente', 'Essen']","['Positive', 'Positive', 'Neutral']","[0.9765, 0.9275, 0.7533]","[[3], [6], [24]]"
585827,Riwa Gastro AG,Restaurant,"Sind heute auf der Suche nach glutenfreien und veganen Angeboten von Restaurants im Waldegg gelandet.
Wir waren sehr begeistert. Tolle und saubere Räumlichkeiten.
Das Essen war sehr lecker. Ich hatte das vegane Curry und meine Freundin den herbstlichen Veggieteller. Beides Gerichte auf der saisonalen Karte.
Es war sehr lecker und vortrefflich angerichtet. Und das Ganze war dazu preislich auch sehr attraktiv. Das Personal war extrem freundlich und immer um unser Wohl bemüht!
Die Toilette ist auf höchsten Niveau, modern und sehr sauber.

Absolute Empfehlung!
Kommen gerne wieder!",3,5.0,2021-09-28 16:43:15.085,154,False,[],[],[],[]
585827,Riwa Gastro AG,Restaurant,Abschied Dorly,1,5.0,2022-01-27 14:51:23.570,6,False,[],[],[],[]
585827,Riwa Gastro AG,Restaurant,"Hier können vermutlich die meisten Gastronomen noch was lernen. Freundlichkeit, Geschwindigkeit, Qualität, etc... Trotz ständig voller Hütte bekommt hier jeder alles inner kürzester Zeit. Und alles frisch!!",1,5.0,2022-01-27 11:20:04.069,53,False,"['Geschwindigkeit', 'Qualität']","['Positive', 'Positive']","[0.9799, 0.9783]","[[12], [14]]"
585827,Riwa Gastro AG,Restaurant,Sehr gut besucht.,1,5.0,2022-01-26 14:46:17.760,8,False,['besucht'],['Positive'],[0.9984],[[2]]
585827,Riwa Gastro AG,Restaurant,"Das passt gut. Nettes, aufmerksames, freundliches Personal. Schneller Service, Essen gut, Preis-, Leistungsverhältnis i.O. Wir werden wieder hingehen.",1,4.0,2022-01-18 16:23:30.752,43,False,"['Personal', 'Service', 'Essen']","['Positive', 'Positive', 'Positive']","[0.9977, 0.9977, 0.9977]","[[9], [12], [14]]"
585827,Riwa Gastro AG,Restaurant,"Bedienung aufmerksam und sehr freundlich, Essen sehr gut und schnell auf dem Tisch, gemütlich,",1,5.0,2022-01-23 21:48:21.150,28,False,"['Bedienung', 'Essen']","['Positive', 'Positive']","[0.9985, 0.9972]","[[0], [6]]"
585827,Riwa Gastro AG,Restaurant,"Fein gegessen, nette aufmerksamer Service. Dank grosser Fensterfront traumafte
Sicht in die schöne Bergwelt.",1,4.0,2022-01-15 21:13:03.863,29,False,['Service'],['Positive'],[0.9974],[[5]]
585827,Riwa Gastro AG,Restaurant,"Sehr schöner Ort, freundliche Bedienung",1,4.0,2022-01-14 15:42:49.131,12,False,"['Ort', 'Bedienung']","['Positive', 'Positive']","[0.9983, 0.9985]","[[2], [5]]"
585827,Riwa Gastro AG,Restaurant,"Leermond, dunkel, jedoch fast sterneklarer Himmel, wunderbare Aussicht auf das Lichtermeer am Zürisee und dazu noch ein feines Nachtessen unter Freunden, auftanken pur",1,4.0,2018-10-25 20:21:34.424,46,False,"['Himmel', 'Aussicht', 'Nachtessen']","['Positive', 'Positive', 'Positive']","[0.9891, 0.9963, 0.9822]","[[7], [10], [21]]"
585827,Riwa Gastro AG,Restaurant,"Tolles Restaurant, super Ausblick, sehr gutes Essen, günstige Preise, für Rollstuhlfahrer geeignet, nettes Personal",1,5.0,2022-01-04 12:56:47.021,31,False,"['Restaurant', 'Ausblick', 'Essen', 'Preise', 'Personal']","['Positive', 'Positive', 'Positive', 'Positive', 'Positive']","[0.9985, 0.9986, 0.9984, 0.9984, 0.9861]","[[1], [4], [8], [11], [18]]"
585827,Riwa Gastro AG,Restaurant,"Sehr gutes Essen, schönes Ambiente, kommen immer wieder gerne",1,5.0,2021-12-28 06:56:04.874,18,False,"['Essen', 'Ambiente']","['Positive', 'Positive']","[0.9985, 0.9987]","[[2], [5]]"
585827,Riwa Gastro AG,Restaurant,"Ich war in der Woche 51 /2021 zum Mittagessen in dem Restaurant Waldegg. Eigentlich trifft der Begriff Restaurant nicht so wirklich zu, eher Wohlfühloase oder Gourmet-Tempel würde besser passen. Das Waldegg gehört zu meinen Favoriten, wenn es darum geht, gut zu essen und liebevoll bedient zu werden. Das Fleisch war zart und das Gemüse frisch zubereitet. Die Bedienung ist bemüht den Gästen die Wünsche von den Augen zu lesen, obwohl diese im Dauerstress sind. Auch die Restaurant Leiterin (Chef de Rang) ist sehr engagiert und hilft mit und hat noch Zeit, die Gäste nach ihrem Wohlbefinden zu fragen. Ich liebe es hier zu sein. Ich geniesse es und kann es jedem nur empfehlen. Sei es mit Familie oder Freunden man wird hier herzlich empfangen. Ein zufriedener Gast ist wenn er wieder kommt und ich komme wieder.",0,5.0,2021-12-24 15:31:02.925,214,False,[],[],[],[]
585827,Riwa Gastro AG,Restaurant,"Sehr schönes Restaurant,  nettes Personal, für Gehbehinderte und Rollstuhlfahrer sehr geeignet, gutes Essen und günstig, tolle Aussicht",0,5.0,2021-12-21 11:13:21.155,36,False,"['Restaurant', 'Personal', 'Essen', 'Aussicht']","['Positive', 'Positive', 'Positive', 'Positive']","[0.9983, 0.9981, 0.9964, 0.9927]","[[2], [5], [15], [20]]"
585827,Riwa Gastro AG,Restaurant,"Essen, Trinken, ...egal was, egal um welche Tages- oder Jahreszeit: fünf Sterne!
Für die Waldegg mache ich auch grössere Umwege...",0,5.0,2021-12-18 18:47:27.580,40,False,['Waldegg'],['Positive'],[0.5416],[[23]]
585827,Riwa Gastro AG,Restaurant,Noch nie enttäuscht/ immer wieder ein Besuch wert,0,5.0,2021-12-16 05:18:43.756,14,False,['Besuch'],['Positive'],[0.9986],[[7]]
585827,Riwa Gastro AG,Restaurant,Sehr freundlich. Danke,0,5.0,2021-12-10 18:14:52.341,9,False,[],[],[],[]
585827,Riwa Gastro AG,Restaurant,"It s a wonderful place.
The stuff was kindly!!!",0,5.0,2021-12-08 07:44:52.199,17,False,"['place', 'stuff']","['Positive', 'Positive']","[0.998, 0.998]","[[4], [7]]"
585827,Riwa Gastro AG,Restaurant,"Wir waren spontan nach einer Motorrad Tour dort gewesen. Das Personal ist äusserst freundlich und jederzeit zur Stelle. Wir hatten Schwarzwälder Kuchen und ein Nuss Hörnchen. Wirklich ein toller frischer Geschmack. Wir waren sehr zufrieden und die Aussicht ist fantastisch . Richtig schön mit perfektem  Service
Kommen gerne wieder",3,5.0,2021-08-24 05:05:04.796,85,False,"['Personal', 'Aussicht', 'Service']","['Positive', 'Positive', 'Positive']","[0.9966, 0.9983, 0.9982]","[[11], [41], [49]]"
585827,Riwa Gastro AG,Restaurant,"Waren heute spontan zum Mittagesse und alles nach Covid Regeln,  dabei hat der Service gemerkt,  dass ich Geburtstag hatte und gleich Gratuliert.  Mega aufmerksam🙌. Das Essen ausgezeichnet.  Am Schluss gabs noch ein Geschenk für mich. So etwas erlebt man nur im Restaurant Waldegg.
Herzlichen Dank",0,5.0,2021-12-01 16:06:04.128,75,False,"['Service', 'Essen']","['Positive', 'Positive']","[0.989, 0.998]","[[14], [29]]"
585827,Riwa Gastro AG,Restaurant,"Hervorragendes Essen, alle Zutaten aus der Region, grosse Portionen und super sympathischer Service! 😃 (auf dem Bild: Egli-Fischknusperli)",0,5.0,2021-11-28 19:07:19.983,42,False,"['Essen', 'Zutaten', 'Portionen', 'Service']","['Positive', 'Positive', 'Positive', 'Positive']","[0.9974, 0.9971, 0.9955, 0.9247]","[[1], [4], [10], [14]]"
585827,Riwa Gastro AG,Restaurant,"Super für Kinder, feine Herbst-Menus, Preis-Leistung in Ordnung.
Freundliches Personal. Kleiner
Abzug aufgrund Parkplatzsituation und ""Reservationspflicht"" (ohne ist es schwierig einen Tisch zu bekommen, aber möglich).",1,4.0,2021-11-22 13:11:20.424,55,False,"['Herbst - Menus', 'Personal']","['Positive', 'Positive']","[0.9348, 0.7568]","[[5, 6, 7], [16]]"
585827,Riwa Gastro AG,Restaurant,"Ausgezeichnetes Ambiente, sehr feines Essen und  zuvorkommendes nettes Personal. Wir werden sicher wieder kommen. Besten Dank. Franz Panier",0,5.0,2021-11-21 21:35:07.595,35,False,"['Ambiente', 'Essen', 'Personal']","['Positive', 'Positive', 'Positive']","[0.9987, 0.9987, 0.9979]","[[1], [5], [9]]"
585827,Riwa Gastro AG,Restaurant,"Kinderlieb, sehr freundlich",0,5.0,2021-11-20 14:58:49.317,9,False,['Kinderlieb'],['Positive'],[0.9983],[[0]]
585827,Riwa Gastro AG,Restaurant,Feines Wild gegessen,0,4.0,2021-11-17 21:47:19.958,7,False,['Wild'],['Positive'],[0.542],[[1]]
585827,Riwa Gastro AG,Restaurant,Wie immer sehr gutes Essen und sehr freundliche Bedienung ich komme immer gerne wieder bis zum nächsten Mal...,0,5.0,2021-11-14 16:52:16.311,28,False,"['Essen', 'Bedienung']","['Positive', 'Positive']","[0.9988, 0.9989]","[[4], [8]]"
585827,Riwa Gastro AG,Restaurant,"Ich kann dieses Restaurant absolut empfehlen. Das Essen ist hochwertig, aber trotzdem preiswert. Das hauseigene Salatdressing ist ein Muss! Es gibt vegetarische, vegane und saisonale Angebote. Die Inneneinrichtung ist modern. Wir kommen immer wieder gerne.",5,5.0,2021-11-13 13:29:41.739,57,False,"['Restaurant', 'Essen', 'Salatdressing', 'Inneneinrichtung']","['Positive', 'Positive', 'Positive', 'Positive']","[0.994, 0.9861, 0.9551, 0.9867]","[[3], [8], [18], [33]]"
585827,Riwa Gastro AG,Restaurant,"Wunderschön und gut ,DANKE",0,5.0,2021-11-07 13:01:25.635,10,False,[],[],[],[]
585827,Riwa Gastro AG,Restaurant,"Toller Ort und unkompliziert, um auch draussen ohne Zertifikat ein Essen zu geniessen",0,5.0,2021-11-06 05:47:44.718,24,False,"['Ort', 'Essen']","['Positive', 'Positive']","[0.9974, 0.9823]","[[1], [11]]"
585827,Riwa Gastro AG,Restaurant,Schöne Aussicht gutes Essen nettes Personal,1,5.0,2021-11-05 15:18:05.013,12,False,"['Aussicht', 'Essen', 'Personal']","['Positive', 'Positive', 'Positive']","[0.9984, 0.9983, 0.9982]","[[1], [3], [5]]"
585827,Riwa Gastro AG,Restaurant,Kulinarisch und Saisonale Gerichte. Sehr Gut.,0,5.0,2021-10-29 05:59:01.573,15,False,['Gerichte'],['Positive'],[0.9983],[[3]]
585827,Riwa Gastro AG,Restaurant,Wie immer tolles Essen und sehr aufmerksame KellnerInnen!,0,5.0,2021-10-27 08:54:11.019,17,False,"['Essen', 'KellnerInnen']","['Positive', 'Positive']","[0.9983, 0.9986]","[[3], [7]]"
585827,Riwa Gastro AG,Restaurant,"Es wunderschöns kinderfründlichs Restaurant, sehr fründlichs Personal und es bombastisches Essä!! Immer wieder en Bsuech wert!!!",0,5.0,2021-10-24 20:20:08.697,37,False,"['Restaurant', 'Personal', 'Essä']","['Positive', 'Positive', 'Positive']","[0.9986, 0.9986, 0.9986]","[[3], [7], [11]]"
585827,Riwa Gastro AG,Restaurant,"Super schönes Lokal,  mit Sonnenterrasse. Essen hervorragend",0,5.0,2021-10-23 12:11:26.361,14,False,"['Lokal', 'Sonnenterrasse', 'Essen']","['Positive', 'Positive', 'Positive']","[0.9953, 0.9967, 0.9977]","[[2], [5], [7]]"
585827,Riwa Gastro AG,Restaurant,Sehr freundliches Personal und sehr gutes Essen auch die Kinder kommen auf ihre Kosten mit einem tollen Spielecken.,0,5.0,2021-10-22 09:57:55.891,31,False,"['Personal', 'Essen', 'Spielecken']","['Positive', 'Positive', 'Positive']","[0.9986, 0.9987, 0.9976]","[[2], [6], [17]]"
585827,Riwa Gastro AG,Restaurant,Sehr unfreundliche Gastgeberin.,5,1.0,2021-10-22 09:08:55.218,10,False,['Gastgeberin'],['Negative'],[0.9888],[[2]]
585827,Riwa Gastro AG,Restaurant,Wie immer einfach nur super,0,5.0,2021-10-19 18:18:08.912,8,False,[],[],[],[]
585827,Riwa Gastro AG,Restaurant,Ich war dort schnuppern und es wird alles mega schön vorbereitet ! Das essen ist auch sehr lecker 😋,1,5.0,2021-10-18 10:38:19.421,31,False,['essen'],['Positive'],[0.9985],[[13]]
585827,Riwa Gastro AG,Restaurant,"Sehr schön gelegen. ( sprich Ort
Sehr gute auswahl.
Sehr nettes Personal.
Sehr gute Küche
Sehr gutes Essen
Sehr gute Bedienung Top.
Sehr gut zum weiter empfehlen empfehlenswert,komme wieder.              Freundliches wiedesehn.
Walter Götz",1,5.0,2021-10-17 14:33:25.601,66,False,"['gelegen', 'Ort', 'Personal', 'Küche', 'Essen', 'Bedienung']","['Positive', 'Positive', 'Positive', 'Positive', 'Positive', 'Positive']","[0.9975, 0.9973, 0.9984, 0.9985, 0.9984, 0.9985]","[[2], [6], [13], [17], [20], [23]]"
585827,Riwa Gastro AG,Restaurant,"Freundliche Bedienung,gutes Essen.
Elektroauto Ladestation nähe Kinderspielplatz. Grosser Parkplatz.Schöne Aussicht!",1,4.0,2021-10-16 15:52:26.174,29,False,"['Bedienung', 'Essen', 'Parkplatz', 'Aussicht']","['Positive', 'Positive', 'Positive', 'Positive']","[0.994, 0.9819, 0.9899, 0.9494]","[[1], [4], [12], [15]]"
585827,Riwa Gastro AG,Restaurant,Hier wird man richtig verwöhnt.Kulinarisch auch das Personal sehr freundlich. !Das schätzen wir alles Schweizer.Das Lokal hell freundlich und die Terrasse ein Traum !,1,5.0,2021-10-15 16:38:34.940,46,False,"['Personal', 'Lokal', 'Terrasse']","['Positive', 'Positive', 'Positive']","[0.998, 0.997, 0.9963]","[[9], [21], [26]]"
585827,Riwa Gastro AG,Restaurant,Fantastisches Vermicelles gegessen!,1,5.0,2021-10-14 17:29:38.791,10,False,['Vermicelles'],['Positive'],[0.998],[[1]]
585827,Riwa Gastro AG,Restaurant,"Ein modernes Tagesrestaurant mit einmaliger Aussicht auf die Linthebene, den Zürichsee und das Glarnerland.
Bistro bereits um 6.00h.
Ob ein Aperitif mit Freunden oder das Bistro-
menu am Mittag - hier ist immer etwas los.
Die sonnige Terrasse bietet einmalige Ausblicke in die Berge und auf den Zürichsee. (150 Sitzplätze)",3,5.0,2021-10-13 10:50:40.790,91,False,"['Aussicht', '- menu', 'Terrasse']","['Positive', 'Positive', 'Positive']","[0.9877, 0.9488, 0.9747]","[[5], [31, 32], [44]]"
585827,Riwa Gastro AG,Restaurant,"Sehr freundlicher Empfang, schöner Menüauswahl und speditiver Service. Hinzu kommt, dass die bestellten Speisen sehr köstlich waren und darüber hinaus schön präsentiert wurden, dafür die 5 Sterne!",1,5.0,2021-10-11 21:06:55.916,59,False,"['Empfang', 'Menüauswahl', 'Service', 'Speisen']","['Positive', 'Positive', 'Positive', 'Positive']","[0.9985, 0.9986, 0.9985, 0.9987]","[[2], [5], [8], [16]]"
585827,Riwa Gastro AG,Restaurant,"Super Service, feines Essen!",1,5.0,2021-10-10 19:46:10.004,9,False,"['Service', 'Essen']","['Positive', 'Positive']","[0.998, 0.9983]","[[1], [4]]"
585827,Riwa Gastro AG,Restaurant,Sehr gutes und reichliches Essen. Bedienung ist top! Wir kommen sicher bald wieder.,1,5.0,2021-10-10 14:32:38.896,23,False,"['Essen', 'Bedienung']","['Positive', 'Positive']","[0.9984, 0.9986]","[[4], [6]]"
585827,Riwa Gastro AG,Restaurant,Tolle Aussicht und gutes Essen. Das Restaurant eignet sich besonders zum Kaffee trinken oder ein Abendessen in stilvollem Ambiente,1,5.0,2021-10-06 10:09:50.566,33,False,"['Aussicht', 'Essen', 'Restaurant', 'Kaffee', 'Ambiente']","['Positive', 'Positive', 'Positive', 'Positive', 'Positive']","[0.9981, 0.9943, 0.8843, 0.7821, 0.9506]","[[1], [4], [7], [12], [19]]"
585827,Riwa Gastro AG,Restaurant,"Sehr freundliche Bedienung, speditiv, unkompliziert - tiptop 👍",1,4.0,2021-10-03 19:07:30.707,22,False,['Bedienung'],['Positive'],[0.9988],[[2]]
585827,Riwa Gastro AG,Restaurant,"Super, elegant ,und gute essen",1,5.0,2021-10-02 21:43:54.877,11,False,['essen'],['Positive'],[0.9984],[[6]]
585827,Riwa Gastro AG,Restaurant,"Alles bestens!! Sehr saubere, schöne Toiletten, nette Bedienung, feines Essen! Machen Sie unbedingt einen Halt und nehmen sich eine Auszeit!",1,5.0,2021-10-02 18:15:28.316,44,False,"['Toiletten', 'Bedienung', 'Essen']","['Positive', 'Positive', 'Positive']","[0.9984, 0.9966, 0.9938]","[[8], [11], [14]]"
585827,Riwa Gastro AG,Restaurant,"Superrrr freundliche Bedienung, sehr feines und reichliches Essen - ein gelungener Stopp - danke!!!",1,5.0,2021-10-02 12:19:10.694,31,False,"['Bedienung', 'Essen']","['Positive', 'Positive']","[0.9987, 0.9981]","[[2], [8]]"
585827,Riwa Gastro AG,Restaurant,Die Waldegg ist immer ein sehr gutes Restaurant mit fantastischer Küche und sehr freunlicher Bedienung.,1,5.0,2021-10-01 12:21:49.822,26,False,"['Restaurant', 'Küche', 'Bedienung']","['Positive', 'Positive', 'Positive']","[0.9986, 0.9986, 0.9985]","[[7], [10], [14]]"
585827,Riwa Gastro AG,Restaurant,Sehr nettes Personal und mega feines Essen. Weiter so.,1,5.0,2021-10-01 07:13:45.009,16,False,"['Personal', 'Essen']","['Positive', 'Positive']","[0.9985, 0.9985]","[[2], [6]]"
585827,Riwa Gastro AG,Restaurant,"Gutes essen
Freundliche Bedienung",1,5.0,2021-09-28 20:06:20.709,9,False,"['essen', 'Bedienung']","['Positive', 'Positive']","[0.9977, 0.9981]","[[1], [3]]"
585827,Riwa Gastro AG,Restaurant,Nice restaurant and a view of the corn crop,1,5.0,2021-09-28 16:02:17.901,13,False,"['restaurant', 'view']","['Positive', 'Positive']","[0.9921, 0.9355]","[[1], [4]]"
585827,Riwa Gastro AG,Restaurant,Tolles Restaurant super Aussicht auf die Berge ubd den See. Sehr feines Essen und sehr aufmerksames Personal,1,5.0,2021-09-26 15:30:42.376,30,False,"['Restaurant', 'Essen', 'Personal']","['Positive', 'Positive', 'Positive']","[0.9986, 0.9985, 0.9923]","[[1], [13], [17]]"
585827,Riwa Gastro AG,Restaurant,Sehr schön,1,5.0,2021-09-25 08:14:48.529,5,False,[],[],[],[]
585827,Riwa Gastro AG,Restaurant,immer wieder sehr gut,1,4.0,2021-09-24 18:12:26.758,7,False,[],[],[],[]
585827,Riwa Gastro AG,Restaurant,Sehr gute Küche und angenehme Ambiente 👍,1,5.0,2021-09-24 17:46:06.470,14,False,"['Küche', 'Ambiente']","['Positive', 'Positive']","[0.9984, 0.9985]","[[2], [5]]"
585827,Riwa Gastro AG,Restaurant,"super bedienung. ich fühlte mich sehr wohl, hab das feine essen und den sonnenuntergang genossen. danke für die gastfreundschaft",1,5.0,2021-09-23 19:05:23.149,37,False,"['bedienung', 'essen']","['Positive', 'Positive']","[0.9985, 0.9986]","[[1], [12]]"
585827,Riwa Gastro AG,Restaurant,"Sehr lecker, super Bedienung.",1,5.0,2021-09-23 16:19:59.842,11,False,['Bedienung'],['Positive'],[0.9986],[[4]]
585827,Riwa Gastro AG,Restaurant,Sehr lecker super Service sehr empfehlenswert!,1,5.0,2021-09-22 09:31:36.791,14,False,['Service'],['Positive'],[0.9985],[[3]]
585827,Riwa Gastro AG,Restaurant,Super schönes Ort,1,5.0,2021-09-22 04:41:48.223,6,False,['Ort'],['Positive'],[0.9977],[[2]]
585827,Riwa Gastro AG,Restaurant,Immer gut für einen schnellen Kaffeestop,1,5.0,2021-06-13 21:36:23.835,13,False,['Kaffeestop'],['Positive'],[0.9982],[[5]]
585827,Riwa Gastro AG,Restaurant,Elegant but casual restaurant on the roadside. Beautiful terrace.,1,5.0,2021-09-20 12:54:48.805,16,False,['terrace'],['Positive'],[0.9745],[[9]]
585827,Riwa Gastro AG,Restaurant,"Sehr gute Küche, tolle Lage und super Bedienung",1,5.0,2021-09-19 19:54:40.770,15,False,"['Küche', 'Lage', 'Bedienung']","['Positive', 'Positive', 'Positive']","[0.9984, 0.9985, 0.9984]","[[2], [5], [8]]"
585827,Riwa Gastro AG,Restaurant,"Nous avons pris l'assiette de jour. Très élaboré, copieux et délicieux dans un cadre magnifique.",1,5.0,2021-09-13 12:55:42.498,34,False,"['assiette de jour', 'cadre']","['Positive', 'Positive']","[0.9981, 0.9899]","[[5, 6, 7], [17]]"
585827,Riwa Gastro AG,Restaurant,"Super Aussicht, feines essen, gute und aufmerksame Bedienung, Preise ok !",1,4.0,2021-09-12 05:37:16.190,24,False,"['Aussicht', 'essen', 'Bedienung', 'Preise']","['Positive', 'Positive', 'Positive', 'Positive']","[0.9979, 0.9967, 0.7832, 0.6625]","[[1], [4], [9], [11]]"
585827,Riwa Gastro AG,Restaurant,"Ein toller, sehr gepflegter Ort zum Verweilen",0,5.0,2021-09-12 06:43:55.762,15,False,['Ort'],['Positive'],[0.9986],[[5]]
585827,Riwa Gastro AG,Restaurant,"Super gut und fein
Guter Service",0,5.0,2021-09-11 19:40:20.726,9,False,['Service'],['Positive'],[0.9978],[[5]]
585827,Riwa Gastro AG,Restaurant,Feine Speisen und nette Bedienung.,0,5.0,2021-09-10 16:09:18.410,13,False,"['Speisen', 'Bedienung']","['Positive', 'Positive']","[0.9982, 0.9984]","[[1], [4]]"
585827,Riwa Gastro AG,Restaurant,"Essen an sich gut, Service auch super. Jedoch fehlt uns deutschen Gästen doch das klassische Schweizerische. Auf der Karte sind leider keinerlei Gerichte mit Rösti oder so etwas.
Die Aussicht ist super schön außen.
Portionen sind mittelmäßig von der Größe.

Salatsoßen sind super lecker. Auch das Eis war köstlich.",5,3.0,2021-09-06 08:20:16.040,86,False,"['Essen', 'Service', 'Aussicht', 'Portionen', 'Salatsoßen', 'Eis']","['Positive', 'Positive', 'Positive', 'Positive', 'Positive', 'Positive']","[0.9852, 0.976, 0.4959, 0.8367, 0.8709, 0.8528]","[[0], [5], [33], [39], [46], [53]]"
585827,Riwa Gastro AG,Restaurant,Feines glace. Freundliche Bedienung. Schönes Restaurant.,0,5.0,2021-09-06 04:21:48.222,16,False,"['glace', 'Bedienung', 'Restaurant']","['Positive', 'Positive', 'Positive']","[0.9932, 0.9978, 0.998]","[[1], [4], [7]]"
585827,Riwa Gastro AG,Restaurant,"Alles super,  grosses Kompliment.",0,5.0,2021-09-05 18:08:26.987,11,False,[],[],[],[]
585827,Riwa Gastro AG,Restaurant,Immer wieder gerne,1,5.0,2018-04-12 18:01:06.209,7,False,[],[],[],[]
585827,Riwa Gastro AG,Restaurant,Gut und preiswert.Sehr gute Bedienung.Wir waren schon öfter hier.,0,5.0,2021-09-02 12:16:57.066,22,False,['Bedienung'],['Positive'],[0.9986],[[6]]
585827,Riwa Gastro AG,Restaurant,Gutes Restaurant. Essen war sehr gut. Guter Service. Sehr empfehlenswert,0,5.0,2021-08-28 14:52:55.624,21,False,"['Restaurant', 'Essen', 'Service']","['Positive', 'Positive', 'Positive']","[0.9983, 0.9984, 0.9985]","[[1], [3], [9]]"
585827,Riwa Gastro AG,Restaurant,Gepflegtes Restaurant auf Ihrer Durch-reise oder auch für ein frohes Familien- oder Firmenfest.Gute Einheimische Küche.Es wird auch auf der Terrasse serviert.Prächtiges Panorama! Für ein Mitbringsel gibt es einen Laden im Eingangsbereich. Feine Spezialitäten aus der Umgebung werden angeboten. Eine Reservation ist von Vorteil! Das Lokal ist beliebt und wird gerne besucht.,1,4.0,2021-08-27 15:24:45.654,95,False,"['Restaurant', 'Einheimische Küche', 'Terrasse', 'Spezialitäten', 'Lokal']","['Positive', 'Positive', 'Positive', 'Positive', 'Positive']","[0.9912, 0.9864, 0.9368, 0.9884, 0.9904]","[[1], [18, 19], [26], [43], [57]]"
585827,Riwa Gastro AG,Restaurant,"Freuntliches Personal, wurde schnell bedient und habe bis jetzt immer gut gegessen",0,5.0,2021-08-25 23:11:46.841,21,False,['Personal'],['Positive'],[0.9976],[[1]]
585827,Riwa Gastro AG,Restaurant,"Das ist ein Besonderes Restaurant,
Mit Fantastischem Ausblick im Grünen.

Man fühlt sich sofort sehr wohl da, und gut aufgehoben als Gast.

Freundliche Bedinung und guter Service....",0,5.0,2021-08-25 10:28:44.389,49,False,"['Restaurant', 'Ausblick', 'Bedinung', 'Service']","['Positive', 'Positive', 'Positive', 'Positive']","[0.9982, 0.9984, 0.9983, 0.998]","[[4], [8], [27], [30]]"
585827,Riwa Gastro AG,Restaurant,"Sehr gute Küche, flexibel, gutes Personal",0,5.0,2021-08-24 09:34:18.678,14,False,"['Küche', 'Personal']","['Positive', 'Positive']","[0.9985, 0.9983]","[[2], [7]]"
585827,Riwa Gastro AG,Restaurant,Top Restaurant. Top Essen. Top Terrasse.  Top Bedienung. Preise/Qualität absolut in Ordnung. Mehr als einen Besuch wert,0,5.0,2021-08-17 07:38:45.657,29,False,"['Restaurant', 'Essen', 'Terrasse', 'Bedienung', 'Preise']","['Positive', 'Positive', 'Positive', 'Positive', 'Positive']","[0.998, 0.9978, 0.9915, 0.9599, 0.9154]","[[1], [4], [7], [10], [12]]"
585827,Riwa Gastro AG,Restaurant,Wie immer sehr gutes Essen und freundliche Bedienung,0,5.0,2021-08-16 07:15:43.352,14,False,"['Essen', 'Bedienung']","['Positive', 'Positive']","[0.9984, 0.9985]","[[4], [7]]"
585827,Riwa Gastro AG,Restaurant,Freundlich und helles Lokal.,0,5.0,2021-08-08 19:32:41.583,9,False,['Lokal'],['Positive'],[0.9981],[[3]]
585827,Riwa Gastro AG,Restaurant,Grandiose Terrasse. Das Essen ist exzellent. Die Bedienung 1A. Sehr freundlich und zuvorkommend. Absolut empfehlenswert.,0,5.0,2021-08-16 06:13:21.277,35,False,"['Terrasse', 'Essen', 'Bedienung']","['Positive', 'Positive', 'Positive']","[0.9938, 0.9969, 0.9978]","[[1], [4], [9]]"
585827,Riwa Gastro AG,Restaurant,"Super Service, super Aussicht und sehr gutes Essen - empfelenswert!",0,5.0,2021-08-13 11:33:33.506,20,False,"['Service', 'Aussicht', 'Essen']","['Positive', 'Positive', 'Positive']","[0.9984, 0.9987, 0.9986]","[[1], [4], [8]]"
585827,Riwa Gastro AG,Restaurant,top,0,5.0,2021-08-13 11:16:37.562,3,False,[],[],[],[]
585827,Riwa Gastro AG,Restaurant,"Schönes, aber nicht ganz günstiges Restaurant mit hervorragender Kinderbetreuung (Kindermenu mit Glace und Spielsachen). Freundlicher Service.",0,4.0,2021-08-12 11:25:59.899,33,False,"['Restaurant', 'Kinderbetreuung', 'Service']","['Positive', 'Positive', 'Positive']","[0.8412, 0.8449, 0.8467]","[[6], [9], [19]]"
585827,Riwa Gastro AG,Restaurant,"Wenn wir in der Nähe sind,kehren wir immer ein.das Essen ist immer perfekt und die Bedienung stimmt.",0,4.0,2021-08-11 16:03:03.403,29,False,"['Essen', 'Bedienung']","['Positive', 'Positive']","[0.9956, 0.9935]","[[13], [19]]"
585827,Riwa Gastro AG,Restaurant,Sehr freundliche und schnelle Bedienung - feines Essen und eine wunderbare Aussicht.,0,4.0,2021-08-09 18:20:22.338,24,False,"['Bedienung', 'Essen', 'Aussicht']","['Positive', 'Positive', 'Positive']","[0.9984, 0.9985, 0.998]","[[4], [7], [11]]"
585827,Riwa Gastro AG,Restaurant,Sehr gutes Essen. Top Service. Preis Leistung gut.,0,4.0,2021-08-06 19:35:53.589,15,False,"['Essen', 'Service']","['Positive', 'Positive']","[0.9981, 0.9979]","[[2], [5]]"
585827,Riwa Gastro AG,Restaurant,"Sehr freundliche Bedienung. Wir hatten Chateaubriand. Unglaublich zartes Stück Fleisch, perfekt abgestimmte Sauce, auf den Punkt gegartes Gemüse und knusprige Pommes. Für uns ein absolut perfektes Menü.
Gerne wieder.",0,5.0,2021-08-06 17:34:31.112,63,False,"['Bedienung', 'Fleisch', 'Sauce', 'Gemüse', 'Menü']","['Positive', 'Positive', 'Positive', 'Positive', 'Positive']","[0.9974, 0.997, 0.9969, 0.9976, 0.9979]","[[2], [11], [15], [21], [31]]"
585827,Riwa Gastro AG,Restaurant,"Da bekommt man feines Essen zu angemessenen Preisen, wenn man Glück hat mit schöner Aussicht.",0,5.0,2021-08-06 14:27:20.471,27,False,"['Essen', 'Preisen', 'Aussicht']","['Positive', 'Positive', 'Positive']","[0.9873, 0.9081, 0.9912]","[[4], [7], [15]]"
585827,Riwa Gastro AG,Restaurant,Einfach immer wieder aufmerksame und freundliche Gastfreundschaft.,0,4.0,2019-04-16 07:47:34.136,16,False,['Gastfreundschaft'],['Positive'],[0.9987],[[6]]
585827,Riwa Gastro AG,Restaurant,"Traumhafte Lage, tolle Aussicht, freundliches Personal",0,4.0,2021-08-04 13:11:57.289,15,False,"['Lage', 'Aussicht', 'Personal']","['Positive', 'Positive', 'Positive']","[0.9985, 0.9987, 0.998]","[[1], [4], [7]]"
585827,Riwa Gastro AG,Restaurant,Habe fewassn,0,5.0,2021-08-02 09:50:25.680,8,False,[],[],[],[]
585827,Riwa Gastro AG,Restaurant,"Sehr fein das Mittagessen ,",0,5.0,2021-08-01 13:55:21.517,10,False,['Mittagessen'],['Positive'],[0.9982],[[3]]
585827,Riwa Gastro AG,Restaurant,Muy bueno,0,5.0,2019-10-18 08:31:51.259,5,False,[],[],[],[]
585827,Riwa Gastro AG,Restaurant,Super Aussicht. Feine Menues. Freundliches Personal,0,5.0,2021-07-29 20:33:13.007,14,False,"['Aussicht', 'Menues', 'Personal']","['Positive', 'Positive', 'Positive']","[0.9981, 0.998, 0.9976]","[[1], [4], [7]]"
585827,Riwa Gastro AG,Restaurant,Sehr kinderfreundlich - danke!,0,5.0,2021-07-27 17:44:56.883,11,False,['kinderfreundlich'],['Positive'],[0.9984],[[1]]
585827,Riwa Gastro AG,Restaurant,"Die Waldegg hat mich noch nie enttäuschte. Nette und kompetente Bedienung  keine lange Wartezeiten und echt gutes Essen,danke",0,5.0,2021-07-25 19:18:11.489,35,False,"['Bedienung', 'Wartezeiten', 'Essen']","['Positive', 'Positive', 'Positive']","[0.9947, 0.996, 0.9911]","[[11], [14], [18]]"
585827,Riwa Gastro AG,Restaurant,Wieder mal suuper!! Essen Bedienung ect. stimmt einfach alles,0,5.0,2021-07-23 10:59:39.926,18,False,['Essen Bedienung'],['Positive'],[0.9947],"[[5, 6]]"
585827,Riwa Gastro AG,Restaurant,Sehr feines Essen und freundliches Personal,0,5.0,2021-07-23 10:41:12.990,12,False,"['Essen', 'Personal']","['Positive', 'Positive']","[0.9983, 0.9983]","[[2], [5]]"
585827,Riwa Gastro AG,Restaurant,"Phantastische Aussicht von der Terasse und aus dem Restaurant auf die Berglandschaft und den Zürichsee, aufmerksamer und sehr freundlicher Service, abwechslungsreiche Karte mit Speisen, die sehr munden. Immer wieder gerne!",0,5.0,2021-07-21 19:32:32.684,58,False,"['Aussicht', 'Terasse', 'Service', 'Karte', 'Speisen']","['Positive', 'Positive', 'Positive', 'Positive', 'Positive']","[0.9982, 0.9982, 0.998, 0.9981, 0.9984]","[[1], [4], [20], [23], [25]]"
585827,Riwa Gastro AG,Restaurant,Schön und gut.,0,4.0,2021-07-21 12:49:52.896,6,False,[],[],[],[]
585827,Riwa Gastro AG,Restaurant,Sehr feines Essen freundliche Bedienung,0,4.0,2021-07-21 03:56:55.788,11,False,"['Essen', 'Bedienung']","['Positive', 'Positive']","[0.9982, 0.9983]","[[2], [4]]"
585827,Riwa Gastro AG,Restaurant,"Exzellente Chefin. Arbeitet wahnsinnig fest mit. Hat total den Überblick über die Gäste, aber auch das Personal. Beim zusehen, sieht man, hier wird auf totale 100%-ige Professionalität gesetzt. Es ist schön zuzusehen, wie man Personal leiten sollte. Als Gast wird  man hervorragend bedient, das Essen ist einfach nur zum geniessen. Fast keine Wartezeit. Jederzeit ein Ausflug wert.",2,5.0,2021-07-19 21:00:21.814,104,False,"['Chefin', 'Personal', 'Essen']","['Positive', 'Positive', 'Positive']","[0.9834, 0.9759, 0.9965]","[[1], [19], [57]]"
585827,Riwa Gastro AG,Restaurant,"Sehr leckeres Essen, nette Bedienung und tolle Aussicht!",0,5.0,2021-07-18 21:19:51.543,19,False,"['Essen', 'Bedienung', 'Aussicht']","['Positive', 'Positive', 'Positive']","[0.9985, 0.9987, 0.9984]","[[2], [5], [8]]"
585827,Riwa Gastro AG,Restaurant,"Innovatives Restaurant, schöne Ausicht mit feinen Produkten zum mitnehmen. zackige Bedienung",1,4.0,2021-07-14 15:19:52.038,25,False,"['Restaurant', 'Ausicht', 'Produkten', 'Bedienung']","['Positive', 'Positive', 'Positive', 'Positive']","[0.9978, 0.9966, 0.9777, 0.7511]","[[1], [4], [7], [12]]"
585827,Riwa Gastro AG,Restaurant,"Příjemné prostředí a ochotná obsluha, super jídlo a přijatelné ceny.",0,5.0,2021-07-14 01:57:47.348,27,False,"['prostředí', 'obsluha', 'jídlo', 'ceny']","['Positive', 'Positive', 'Positive', 'Positive']","[0.9975, 0.9953, 0.9696, 0.9265]","[[1], [4], [7], [10]]"
585827,Riwa Gastro AG,Restaurant,"Wir haben während unseren Ferien unseren 8.Hochzeitstag im Restaurant Waldegg genossen.

Kurz gesagt: sehr empfehlenswert!
- Angenehme Atmosphäre
- Sehr leckeres Essen und wunderbar angerichtet
- weltbester Eistee mit Passionsfrucht!!
- sehr freundliches Personal
- gut mit dem Auto erreichbar und tolle Parkplätze
- wunderbare Aussicht

Leider nicht gerade um die Ecke, aber wir kommen sicher wieder mal!!",1,5.0,2021-07-13 19:50:09.971,113,False,"['Restaurant', 'Atmosphäre', 'Essen', 'Eistee mit Passionsfrucht', 'Personal', 'Parkplätze', 'Aussicht']","['Positive', 'Positive', 'Positive', 'Positive', 'Positive', 'Positive', 'Positive']","[0.9977, 0.9978, 0.9976, 0.9975, 0.9976, 0.9965, 0.9957]","[[10], [22], [26], [32, 33, 34], [40], [49], [52]]"
585827,Riwa Gastro AG,Restaurant,"Immer wieder schön in der Waldegg, tolles Ambiente, feines Essen, sehr freundliches und aufmerksames Personal.",0,5.0,2021-07-13 09:04:14.214,32,False,"['Ambiente', 'Essen', 'Personal']","['Positive', 'Positive', 'Positive']","[0.9988, 0.9987, 0.9953]","[[8], [11], [17]]"
585827,Riwa Gastro AG,Restaurant,"Essen wie immer sehr sorgfältig, frisch und lecker gekocht. Ein Augen- und Gaumenschmaus.",0,5.0,2021-07-11 18:32:36.820,28,False,['Essen'],['Positive'],[0.9978],[[0]]
585827,Riwa Gastro AG,Restaurant,Tolle Aussicht sehr nette Bedienung  super Service und Essen,0,5.0,2021-07-11 06:27:33.036,16,False,"['Aussicht', 'Bedienung', 'Service', 'Essen']","['Positive', 'Positive', 'Positive', 'Positive']","[0.9984, 0.9983, 0.9982, 0.9982]","[[1], [4], [6], [8]]"
585827,Riwa Gastro AG,Restaurant,"Gutes Essen, feeundliche Bedienung, genügend Parkplatz",0,5.0,2021-07-04 18:22:44.629,17,False,"['Essen', 'Bedienung', 'Parkplatz']","['Positive', 'Positive', 'Positive']","[0.9971, 0.9971, 0.9939]","[[1], [4], [7]]"
585827,Riwa Gastro AG,Restaurant,Magnifique,0,5.0,2021-07-04 11:38:51.736,4,False,[],[],[],[]
585827,Riwa Gastro AG,Restaurant,"Freundliche Bedienung. Schöne Terrasse. Grosse, sehr feine Mandel-/Nussgipfel.",0,5.0,2021-06-29 09:43:01.217,25,False,"['Bedienung', 'Terrasse']","['Positive', 'Positive']","[0.9977, 0.9973]","[[1], [4]]"
585827,Riwa Gastro AG,Restaurant,"Good, but since it is quite popular it was very full at the time of visit.
Nice waitresses, make up for that.",0,4.0,2021-06-27 15:46:49.246,31,False,['waitresses'],['Positive'],[0.8409],[[19]]
585827,Riwa Gastro AG,Restaurant,"Tolles Essen.. Ganz speziell, aufmerksame, freundliche Bedienung!",0,5.0,2021-06-27 11:21:14.395,20,False,"['Essen', 'Bedienung']","['Positive', 'Positive']","[0.9984, 0.9979]","[[1], [10]]"
585827,Riwa Gastro AG,Restaurant,"Freundliche Bedienung
Gute Küche",0,5.0,2021-06-27 08:03:22.081,8,False,"['Bedienung', 'Küche']","['Positive', 'Positive']","[0.9978, 0.9974]","[[1], [3]]"
585827,Riwa Gastro AG,Restaurant,Super Bedienung. Gutes Essen.,0,5.0,2021-06-26 04:19:22.970,10,False,"['Bedienung', 'Essen']","['Positive', 'Positive']","[0.9983, 0.9982]","[[1], [4]]"
585827,Riwa Gastro AG,Restaurant,"Wir waren eben zum Abschluss unseres Urlaubs dort essen.
Die Vorspeise (gemischter saisonaler Salat mit Kernen) war super knackig, stimmig und ausgezeichnet lecker.
Die Hauptspeise ( Wock bestehend aus Penne, Gemüse und Rindfleischstücke in einer leichten Rahmsoße) war extrem Lecker und auch das Dessert ( Becher Nuss Dänemark) lässt keine Wünsche offen.
Alle Speisen waren Optisch extrem Ansprechend und super lecker.
Die Bedingungen waren alle extrem freundlich und selbst die Chefin hat sich bei den Gästen nach der Zufriedenheit erkundet.

Es war nicht ganz günstig. Aber die Preise sind für die Leistung vollkommen gerechtfertigt.
Kann ich nur weiterempfehlen.",0,5.0,2021-06-25 17:56:51.616,176,False,[],[],[],[]
585827,Riwa Gastro AG,Restaurant,Ausgezeichnetes Essen und sehr freundliches Personal 😊👍👏,0,5.0,2021-06-25 17:51:11.699,17,False,"['Essen', 'Personal']","['Positive', 'Positive']","[0.9986, 0.9984]","[[1], [5]]"
585827,Riwa Gastro AG,Restaurant,Sehr schönes Restaurant nettes Personal super Küche grosse Desserts,0,5.0,2021-06-22 10:26:16.339,17,False,"['Restaurant', 'Personal', 'Küche', 'Desserts']","['Positive', 'Positive', 'Positive', 'Positive']","[0.9983, 0.9981, 0.9981, 0.998]","[[2], [4], [6], [8]]"
585827,Riwa Gastro AG,Restaurant,Super Aussicht zur tollen Gastfreundschaft und Essen.,0,5.0,2021-06-22 03:46:12.428,14,False,"['Aussicht', 'Gastfreundschaft', 'Essen']","['Positive', 'Positive', 'Positive']","[0.9981, 0.9982, 0.9976]","[[1], [4], [6]]"
585827,Riwa Gastro AG,Restaurant,"Sehr schön gelegenes Restaurant
Super schöne Terrasse mit Weitblick
Das Essen hier ist hervorragend. Der Koch versteht sein Handwerk!!
Sehr schöne und ausgefalle Gerichte. ( auch Vegetarisch und Vegan )
Die Bedienung ist sehr freudlich und zuvorkommend.
Genügend Parkplätze vorhanden.
Wir kommen immmer sehr gerne hier Essen.
Sehr zu empfehlen!!",1,5.0,2021-06-20 14:11:53.400,90,False,"['Restaurant', 'Terrasse', 'Essen', 'Koch', 'Gerichte', 'Bedienung', 'Parkplätze']","['Positive', 'Positive', 'Positive', 'Positive', 'Positive', 'Positive', 'Positive']","[0.998, 0.9979, 0.9978, 0.9978, 0.9968, 0.9951, 0.9983]","[[3], [6], [10], [16], [26], [35], [43]]"
585827,Riwa Gastro AG,Restaurant,"Alles top (Essen, Service) mit schönem Weit- und Rundblick. Atmosphäre geht so - modern, leicht bieder.",0,4.0,2021-06-20 11:09:19.878,34,False,"['Essen', 'Service', 'Atmosphäre']","['Positive', 'Positive', 'Positive']","[0.9981, 0.9981, 0.5408]","[[3], [5], [14]]"
585827,Riwa Gastro AG,Restaurant,Wunderbarer Ausblick mit deinem Coupe Romanoff.....einfach herrlich. Danke,0,5.0,2021-06-18 14:04:10.523,20,False,['Ausblick'],['Positive'],[0.9971],[[1]]
585827,Riwa Gastro AG,Restaurant,"Schöne Aussicht, nettes Personal aber überteuert.",0,4.0,2021-06-18 08:25:27.573,15,False,"['Aussicht', 'Personal']","['Positive', 'Positive']","[0.9758, 0.5927]","[[1], [4]]"
585827,Riwa Gastro AG,Restaurant,"Perfekter, schneller und freundlicher Service und wunderbare Sommergerichte...",0,5.0,2021-06-17 11:29:06.423,20,False,"['Service', 'Sommergerichte']","['Positive', 'Positive']","[0.9987, 0.9985]","[[5], [8]]"
585827,Riwa Gastro AG,Restaurant,"Sehr gut vorbereitet, speditiv, sehr freundlich.",0,5.0,2021-06-17 06:56:08.805,18,False,[],[],[],[]
585827,Riwa Gastro AG,Restaurant,Mein Lieblings-Restaurant,0,5.0,2021-06-16 12:48:58.830,6,False,['Restaurant'],['Positive'],[0.9977],[[3]]
585827,Riwa Gastro AG,Restaurant,Wir waren Heute zum ersten Mal da für ein schnelles Mittagessen & wurden positiv überrascht. Trotz kleinem Missgeschick war der Service immer sehr zuvorkommend & freundlich. Das Essen war einwandfrei & sehr fein. Wir haben das Restaurant in bester Erinnerung & werden auf jeden Fall mit Freude wiederkommen. Vielen Dank!,0,5.0,2021-06-16 11:14:14.070,83,False,"['Mittagessen', 'Service', 'Essen']","['Positive', 'Positive', 'Positive']","[0.9368, 0.9916, 0.9966]","[[10], [21], [29]]"
585827,Riwa Gastro AG,Restaurant,"Immer wieder fein und schön hier..!
Der warme Schoggikuchen und der Erdbeer-Eistee sind HAMMER 🙃",1,5.0,2021-06-15 13:11:04.040,29,False,"['Schoggikuchen', 'Erdbeer - Eistee']","['Positive', 'Positive']","[0.9984, 0.9985]","[[11], [14, 15, 16]]"
585827,Riwa Gastro AG,Restaurant,Personnels avenant,0,4.0,2021-06-13 17:34:28.523,7,False,['Personnels'],['Positive'],[0.9313],[[0]]
585827,Riwa Gastro AG,Restaurant,"Sehr schön, sehr gutes Essen und sehr nettes Personal!",0,5.0,2021-06-13 13:52:30.023,18,False,"['Essen', 'Personal']","['Positive', 'Positive']","[0.9985, 0.9984]","[[5], [9]]"
585827,Riwa Gastro AG,Restaurant,Cool 😎,0,5.0,2021-06-12 20:12:31.443,5,False,[],[],[],[]
585827,Riwa Gastro AG,Restaurant,Sehr freundlich und nur vom Besten🤗👍👏,0,5.0,2021-06-08 16:15:11.631,14,False,[],[],[],[]
585827,Riwa Gastro AG,Restaurant,"Das Essen war teils gut, teils ok. Die Preise sind nicht bei jedem Menü nachvollziehbar und einfach einen Tick zu hoch! Der Service war Durchschnitt. Die Kleider des Personals stammen offenbar nicht von einem Spezialisten für Gastro Bekleidung. Aber das Auffälligste, es gab keinerlei Reaktion auf den Hinweiss dass es sich um ein Geburtstagsessen handelte. Sogar der Calvados zum abschliessenden Kaffee wurde mit dem Millimetermaas eingeschenkt! Fazit: Muss man nicht zwingend besucht haben!",0,3.0,2021-06-06 17:58:41.394,127,False,[],[],[],[]
585827,Riwa Gastro AG,Restaurant,Essen mega fein danke!!,0,5.0,2019-12-15 13:59:30.686,8,False,['Essen'],['Positive'],[0.9982],[[0]]
585827,Riwa Gastro AG,Restaurant,"Ausflugsrestaurant an schöner Lage mit grandioser Aussicht, reichhaltige, währschafte Menüs und flotte, freundliche Bedienung.",0,5.0,2021-06-05 15:22:16.304,37,False,"['Lage', 'Aussicht', 'Menüs', 'Bedienung']","['Positive', 'Positive', 'Positive', 'Positive']","[0.9979, 0.9976, 0.9938, 0.9798]","[[3], [6], [11], [16]]"
585827,Riwa Gastro AG,Restaurant,Essen war lecker aber leider nüd heiss man hat es zur Kenntnis genommen kein komentar vom Service schade,0,3.0,2021-06-02 12:28:52.541,26,False,"['Essen', 'Service']","['Positive', 'Negative']","[0.7576, 0.527]","[[0], [16]]"
585827,Riwa Gastro AG,Restaurant,"Super, immer gerne wieder !",0,5.0,2021-06-02 12:05:29.844,10,False,[],[],[],[]
585827,Riwa Gastro AG,Restaurant,"Ein schönes Restaurant, flotte Bedienung und sehr gutes Essen. Was will man mehr?",0,5.0,2021-05-31 16:35:46.427,23,False,"['Restaurant', 'Bedienung', 'Essen']","['Positive', 'Positive', 'Positive']","[0.9984, 0.9985, 0.9985]","[[2], [5], [9]]"
585827,Riwa Gastro AG,Restaurant,Alles ist top 👍☺️,0,4.0,2021-05-29 11:27:45.982,10,False,[],[],[],[]
585827,Riwa Gastro AG,Restaurant,Schöne Terrasse mit prächtiger Aussicht!,0,5.0,2021-05-28 15:45:14.919,12,False,"['Terrasse', 'Aussicht']","['Positive', 'Positive']","[0.9983, 0.9984]","[[1], [4]]"
585827,Riwa Gastro AG,Restaurant,"Delicious food, nice staff, wonderful view - highly recommended!",0,5.0,2021-05-28 04:44:59.350,18,False,"['food', 'staff', 'view']","['Positive', 'Positive', 'Positive']","[0.9984, 0.9986, 0.9986]","[[1], [4], [7]]"
585827,Riwa Gastro AG,Restaurant,"War Heute das erste mal da,Personal sehr freundlich und Zuvorkommend,Essen sehr fein das Waldegg ist sehr gut",1,5.0,2021-05-23 18:15:36.670,33,False,"['Personal', 'Essen', 'Waldegg']","['Positive', 'Positive', 'Positive']","[0.9979, 0.9981, 0.9972]","[[7], [13], [17]]"
585827,Riwa Gastro AG,Restaurant,Immer sehr zu empfehlen,1,5.0,2018-01-19 10:37:28.634,8,False,[],[],[],[]
585827,Riwa Gastro AG,Restaurant,Stabil,1,5.0,2021-05-21 13:15:39.323,3,False,[],[],[],[]
585827,Riwa Gastro AG,Restaurant,"Sehr aufmerksames und freundliches Personal, Essen vorzüglich",1,5.0,2021-05-20 20:50:33.711,18,False,"['Personal', 'Essen']","['Positive', 'Positive']","[0.9985, 0.9984]","[[4], [6]]"
585827,Riwa Gastro AG,Restaurant,"Gute Bedienung, Essen super fein.",2,5.0,2021-05-20 18:48:19.200,10,False,"['Bedienung', 'Essen']","['Positive', 'Positive']","[0.9981, 0.998]","[[1], [3]]"
585827,Riwa Gastro AG,Restaurant,"Sehr schönes Kaffee / Restaurant,alles frisch und freundlich serviert.Bei schönem Wetter tolle Terrasse mit Aussicht.",1,5.0,2021-05-18 04:55:49.148,31,False,"['Kaffee', 'serviert', 'Terrasse', 'Aussicht']","['Positive', 'Positive', 'Positive', 'Positive']","[0.9979, 0.9983, 0.9975, 0.9957]","[[2], [10], [16], [18]]"
585827,Riwa Gastro AG,Restaurant,Wie immer Sehr fein,1,5.0,2021-05-17 14:02:34.377,7,False,[],[],[],[]
585827,Riwa Gastro AG,Restaurant,Grosse Terrasse feine regionale Mahlzeiten,1,4.0,2021-05-16 08:04:02.363,11,False,"['Terrasse', 'Mahlzeiten']","['Positive', 'Positive']","[0.9862, 0.9967]","[[1], [4]]"
585827,Riwa Gastro AG,Restaurant,"Sehr schön,netter Service",1,5.0,2021-05-14 16:56:37.435,8,False,['Service'],['Positive'],[0.9983],[[4]]
585827,Riwa Gastro AG,Restaurant,"Großes modern eingerichtetes Restaurant, das nur durch die CORONA Restriktionen gebremst wird.",1,5.0,2021-05-13 15:58:18.255,24,False,['Restaurant'],['Positive'],[0.9916],[[3]]
585827,Riwa Gastro AG,Restaurant,"Restaurant Waldegg ist immer wieder eine super Adresse. Sehr feines Essen und flotter, sehr schneller Service. Preis-Leistung ist sehr gut. Wir kommen gerne wieder.",1,5.0,2021-05-12 16:49:23.458,43,False,"['Essen', 'Service']","['Positive', 'Positive']","[0.9984, 0.9984]","[[11], [17]]"
585827,Riwa Gastro AG,Restaurant,"Tolles Restaurant, tolles Teame",2,5.0,2021-05-12 09:22:30.408,10,False,['Restaurant'],['Negative'],[0.9604],[[1]]
585827,Riwa Gastro AG,Restaurant,Super fein wie immer,1,5.0,2021-05-03 15:28:46.152,6,False,[],[],[],[]
585827,Riwa Gastro AG,Restaurant,Ein gutes Restaurant an sehr schöner Lage. Super Küche und sehr freundliche Bedienung.,1,5.0,2021-05-02 04:07:37.581,23,False,"['Restaurant', 'Lage', 'Küche', 'Bedienung']","['Positive', 'Positive', 'Positive', 'Positive']","[0.9984, 0.9984, 0.9985, 0.9985]","[[2], [6], [9], [13]]"
585827,Riwa Gastro AG,Restaurant,Schöne Aussicht und vor allem gutes Essen. Was will man mehr?,1,5.0,2021-04-29 17:54:40.783,19,False,"['Aussicht', 'Essen']","['Positive', 'Positive']","[0.9985, 0.9985]","[[1], [6]]"
585827,Riwa Gastro AG,Restaurant,Great view with a special sauce!,1,5.0,2021-04-28 07:02:22.042,11,False,"['view', 'sauce']","['Positive', 'Positive']","[0.9288, 0.5692]","[[1], [5]]"
585827,Riwa Gastro AG,Restaurant,"Freundliche und speditive Bedienung, welche auf spezielle Wünsche eingeht. Wir kommen wieder.",1,4.0,2021-04-27 16:52:17.423,26,False,['Bedienung'],['Positive'],[0.9983],[[3]]
585827,Riwa Gastro AG,Restaurant,"Super gegessen heute, Cordon Bleu wunderbar und das Gemüse wie immer frisch. Merci.",1,5.0,2021-04-21 19:10:34.701,24,False,"['Cordon Bleu', 'Gemüse']","['Positive', 'Positive']","[0.9986, 0.9987]","[[4, 5], [9]]"
585827,Riwa Gastro AG,Restaurant,Nur schnell Zwischenhalt mit dem Wohnmobil auf dem Parkplatz,0,3.0,2021-03-28 17:42:26.552,15,False,[],[],[],[]
585827,Riwa Gastro AG,Restaurant,Exelentes essen grosse Auswahl und sehr gepflegtes Restaurant mit genügend Parkplätzen direkt vor dem Haus. Mit guter Aussicht. Sehr freundliches und zuvorkommendes sowie kompententes Personal. Kann dieses Restaurant wärmstes weiter empfehlen. Auch gut für grössere Anlässe,3,5.0,2021-01-03 11:20:34.641,72,False,"['essen', 'Restaurant', 'Aussicht', 'Personal']","['Positive', 'Positive', 'Positive', 'Positive']","[0.9975, 0.9963, 0.9982, 0.9984]","[[1], [7], [18], [26]]"
585827,Riwa Gastro AG,Restaurant,Super wie immer in allen Bereichen,0,5.0,2020-12-22 11:41:05.511,10,False,[],[],[],[]
585827,Riwa Gastro AG,Restaurant,"Nettes und hilfsbereites Personal. Ausreichend Parkplätze vorhanden sogar für Car und LKW.
Der Kaffee schmeckt sehr lecker.",0,5.0,2020-12-15 20:15:35.918,36,False,"['Personal', 'Parkplätze', 'Kaffee']","['Positive', 'Positive', 'Positive']","[0.9701, 0.9211, 0.9854]","[[3], [6], [15]]"
585827,Riwa Gastro AG,Restaurant,Essen und Bedienung wie jedes mal einfach nur sehr gut,0,5.0,2020-12-06 16:35:00.595,16,False,"['Essen', 'Bedienung']","['Positive', 'Positive']","[0.9982, 0.9984]","[[0], [2]]"
585827,Riwa Gastro AG,Restaurant,"Immer wieder gerne! Feines Essen, sehr nette Bediehnung und schönes Ambiente.",0,5.0,2020-12-02 19:35:26.339,25,False,"['Essen', 'Bediehnung', 'Ambiente']","['Positive', 'Positive', 'Positive']","[0.9986, 0.9987, 0.9961]","[[5], [9], [12]]"
585827,Riwa Gastro AG,Restaurant,👍,0,4.0,2020-11-30 11:24:21.233,4,False,[],[],[],[]
585827,Riwa Gastro AG,Restaurant,"Seit Jahren trifft man sich - meistens zum Mittagessen - in der Waldegg.
Uns gefällt die Atmosphäre und die Dekoration, gestaltet nach Saison. Auch die Wahl
Der Tischsets und Servietten.
Der Service ist ausgezeichnet und das Essen - konstant - gut.",0,4.0,2018-01-11 13:48:27.270,67,False,"['Atmosphäre', 'Dekoration', 'Tischsets', 'Servietten', 'Service', 'Essen']","['Positive', 'Positive', 'Positive', 'Positive', 'Positive', 'Positive']","[0.9768, 0.973, 0.9888, 0.991, 0.9921, 0.9934]","[[17], [20], [30], [32], [35], [40]]"
585827,Riwa Gastro AG,Restaurant,War sehr lecker😁,0,5.0,2020-11-25 18:55:17.058,8,False,[],[],[],[]
585827,Riwa Gastro AG,Restaurant,"Ziemlich schöner Spot mit toller Aussicht. Die Terrasse ist perfekt ausgerichtet, besonders bei Sonnenuntergang. Jedesmal einen Halt wert. Besten Dank an das Team.",0,5.0,2020-11-26 10:47:24.842,42,False,"['Spot', 'Aussicht', 'Terrasse', 'Team']","['Positive', 'Positive', 'Positive', 'Positive']","[0.9973, 0.9975, 0.995, 0.9946]","[[2], [5], [8], [26]]"
585827,Riwa Gastro AG,Restaurant,Sehr freundlich,0,5.0,2020-11-20 05:29:24.581,6,False,[],[],[],[]
585827,Riwa Gastro AG,Restaurant,Sehr freundliche Bedienung,0,5.0,2020-11-19 11:36:54.707,8,False,['Bedienung'],['Positive'],[0.9983],[[2]]
585827,Riwa Gastro AG,Restaurant,Sehr gut. Salat war ausgezeichnet.,0,5.0,2020-11-17 12:16:19.222,12,False,['Salat'],['Positive'],[0.9984],[[3]]
585827,Riwa Gastro AG,Restaurant,"Da sind auch Kinder willkommen.Personsl sehr freundlich.super
Hygienen mässig einmalig super muss nie eine Türe öffnen,alle gehen Automatic auf und zu.",1,5.0,2020-10-01 18:29:34.576,44,False,"['Kinder', 'Personsl']","['Positive', 'Positive']","[0.9928, 0.9972]","[[3], [6]]"
585827,Riwa Gastro AG,Restaurant,"Tip Top. Essen wunderbar. Service sehr angenehm und aufmerksam und zuvorkommend. Herzlichen Dank. Wenn ich wieder in der Region bin, werde ich gerne wieder kommen.",0,5.0,2020-11-07 16:08:13.699,44,False,"['Essen', 'Service']","['Positive', 'Positive']","[0.9986, 0.9986]","[[3], [6]]"
585827,Riwa Gastro AG,Restaurant,"Herrlicher Sonnenschein, super Bedienung",0,5.0,2020-11-07 14:43:42.415,10,False,['Bedienung'],['Positive'],[0.998],[[4]]
585827,Riwa Gastro AG,Restaurant,Perfekt super Essen und mega Bedienung,0,5.0,2020-11-06 06:18:14.361,10,False,"['Essen', 'Bedienung']","['Positive', 'Positive']","[0.998, 0.9984]","[[2], [5]]"
585827,Riwa Gastro AG,Restaurant,"War wie immer sehr angenehm, freundlich und gut!",0,5.0,2020-11-05 19:47:26.957,15,False,[],[],[],[]
585827,Riwa Gastro AG,Restaurant,"Nur zu empfehlen, gutes, nettes Personal, sehr gutes Essen",0,5.0,2020-11-05 17:49:11.264,18,False,"['Personal', 'Essen']","['Positive', 'Positive']","[0.9986, 0.9981]","[[7], [11]]"
585827,Riwa Gastro AG,Restaurant,Mit euch verbindet uns sehr viel !Im Juni 2013 konnten wir das letzte mal mit meiner Mutter bei euch essen bevor sie starb...seit dem ist es unser Wille dort einfach Halt zu machen und bei euch zu essen.Kulinarisch...mmmh🤩,1,5.0,2020-11-04 19:11:00.313,68,False,[],[],[],[]
585827,Riwa Gastro AG,Restaurant,nette Bedienung und gutes Essen,0,5.0,2020-11-01 08:12:47.626,10,False,"['Bedienung', 'Essen']","['Positive', 'Positive']","[0.9981, 0.9981]","[[1], [4]]"
585827,Riwa Gastro AG,Restaurant,"Einladendes Ambiente, gute Lage, Küche nicht wirklich kreativ.",0,3.0,2020-10-28 06:21:04.252,18,False,"['Ambiente', 'Lage', 'Küche']","['Positive', 'Positive', 'Negative']","[0.9918, 0.4856, 0.4255]","[[1], [4], [6]]"
585827,Riwa Gastro AG,Restaurant,Preis=Leistung ausgezeichnet!,0,4.0,2020-10-25 20:18:37.273,9,False,['Leistung'],['Positive'],[0.9984],[[2]]
585827,Riwa Gastro AG,Restaurant,Es war super,0,5.0,2018-10-24 19:44:22.887,5,False,[],[],[],[]
585827,Riwa Gastro AG,Restaurant,"Freundliches Personal flexibel, gute Preise",0,5.0,2020-10-23 18:29:34.274,12,False,"['Personal', 'Preise']","['Positive', 'Positive']","[0.9975, 0.998]","[[1], [5]]"
585827,Riwa Gastro AG,Restaurant,"Tolle Lage, gutes Essen, sehr gute und schnelle, freundliche Bedienung. Das alles trotz gut besetzten Tischen. Da kehr ich wieder gerne und entspannt ein.",0,5.0,2020-10-22 19:47:17.374,48,False,"['Lage', 'Essen', 'Bedienung']","['Positive', 'Positive', 'Positive']","[0.998, 0.998, 0.9535]","[[1], [4], [12]]"
585827,Riwa Gastro AG,Restaurant,"Übersichtliche Karte, für jeden was dabei. Reservierungen sehr empfehlenswert.",0,4.0,2020-10-14 20:23:56.226,21,False,"['Karte', 'Reservierungen']","['Positive', 'Positive']","[0.997, 0.9951]","[[1], [8]]"
585827,Riwa Gastro AG,Restaurant,Sehr schönes Ambiente und fein gegessen...,0,4.0,2020-10-14 05:39:30.470,13,False,['Ambiente'],['Positive'],[0.9986],[[2]]
585827,Riwa Gastro AG,Restaurant,"Efficient service, very good freshly cooked well presented, tasty food.",0,4.0,2020-10-13 06:47:48.652,22,False,"['service', 'food']","['Positive', 'Positive']","[0.9969, 0.9975]","[[1], [11]]"
585827,Riwa Gastro AG,Restaurant,da stimmt einfach alles... weiter so!,0,5.0,2020-10-11 19:48:03.919,12,False,[],[],[],[]
585827,Riwa Gastro AG,Restaurant,Seit über 30 Jahren in allen Belangen einfach nur super. Bravo,0,5.0,2020-10-11 06:25:06.134,18,False,[],[],[],[]
585827,Riwa Gastro AG,Restaurant,Einfach gut tolle Bedienung...super essen und läcker.....einfach spitze....,0,5.0,2020-10-10 22:07:05.184,21,False,"['Bedienung', 'essen']","['Positive', 'Positive']","[0.9986, 0.9983]","[[3], [8]]"
585827,Riwa Gastro AG,Restaurant,"Immer Top. Freundlich, Zentral, Parkpläze und sehr gutes Essen",0,5.0,2020-10-10 18:12:40.824,21,False,"['Parkpläze', 'Essen']","['Positive', 'Positive']","[0.9979, 0.9963]","[[7], [11]]"
585827,Riwa Gastro AG,Restaurant,Sehr feines Essen. Nettes Personal. Gute Parkiermöglichkeit und immer Platz,0,5.0,2020-10-06 19:03:48.522,19,False,"['Essen', 'Personal', 'Parkiermöglichkeit', 'Platz']","['Positive', 'Positive', 'Positive', 'Positive']","[0.9981, 0.9977, 0.9981, 0.9966]","[[2], [5], [8], [11]]"
585827,Riwa Gastro AG,Restaurant,"Richtig stimmiges Resti! Aussicht  Richtung Glarneralpen, total toller Wintergarten, vollverglast! Megafeine Menues, hat für jeden was und super, das Weinsortiment! Kostet, aber man kriegt auch dafür. N'richtiger Hammer, mit den richtigen Leuten zusammen wirds unvergesslich!",0,4.0,2020-10-05 16:23:37.404,81,False,"['Resti', 'Aussicht', 'Wintergarten', 'Menues', 'Weinsortiment']","['Positive', 'Positive', 'Positive', 'Positive', 'Positive']","[0.9816, 0.989, 0.9864, 0.8523, 0.879]","[[2], [4], [10], [15], [25]]"
585827,Riwa Gastro AG,Restaurant,Sehr gutes Essen auch für veganer,0,5.0,2020-10-05 15:24:38.563,12,False,['Essen'],['Positive'],[0.9981],[[2]]
585827,Riwa Gastro AG,Restaurant,"Sehr gute Küche, freundliche Speisesäle und Personal. Wild gegessen, super.",0,5.0,2020-10-03 10:39:45.230,23,False,"['Küche', 'Speisesäle', 'Personal']","['Positive', 'Positive', 'Positive']","[0.9984, 0.9984, 0.998]","[[2], [5], [7]]"
585827,Riwa Gastro AG,Restaurant,Essen war gut aber nicht umwerfend. Ziemlich laut. Service gut.,1,4.0,2020-10-05 12:11:00.966,18,False,"['Essen', 'Service']","['Neutral', 'Positive']","[0.6703, 0.9822]","[[0], [10]]"
585827,Riwa Gastro AG,Restaurant,"Sehr gutes Essen, grosse Portionen. Schönes Lokal und super nette Bedienung. Wir waren nicht das letzte Mal hier. :)",1,5.0,2020-10-05 08:33:52.952,35,False,"['Essen', 'Portionen', 'Lokal', 'Bedienung']","['Positive', 'Positive', 'Positive', 'Positive']","[0.9986, 0.9987, 0.9986, 0.9986]","[[2], [5], [8], [12]]"
585827,Riwa Gastro AG,Restaurant,"Unglaublich leckeres Essen und das Dessert war ebenfalls sehr gut! Die Portionen haben eine ordentliche Größe, gerade beim Dessert (in meinem Fall Coupe Dänemark) ist selbst eine kleine Portion immernoch recht groß.
Es war recht voll weshalb wir uns draußen hingesetzt haben. Die Aussicht ist wundervoll allerdings wären ein paar Grad mehr angenehmer gewesen. Darum sind wir für das Dessert rein gegangen.
Wir werden auf jeden Fall wieder hingehen.
Oh und der Süßmost vom Hofladem ist auch sehr zu empfehlen und obendrein sehr preiswert.",0,5.0,2020-10-04 22:55:14.214,138,False,[],[],[],[]
585827,Riwa Gastro AG,Restaurant,"Traumhaftes Platz. Nur zum Empfehlen. Wunderbares Aussicht auf die Berge. Gute Möglichkeit mit Freunden und Familie zu sammeln, als auch etwas feiern, wie z.B. Hochzeit oder Geburtstag. Sehr leckeres Essen!",0,5.0,2020-10-03 22:01:41.606,58,False,"['Platz', 'Aussicht', 'Essen']","['Positive', 'Positive', 'Positive']","[0.9985, 0.9986, 0.998]","[[1], [8], [38]]"
585827,Riwa Gastro AG,Restaurant,"Sehr schöne Lage, guter und preiswerter Service, sehr nettes Personal. Kann nur empfohlen werden.",0,5.0,2020-10-03 16:28:47.680,28,False,"['Lage', 'Service', 'Personal']","['Positive', 'Positive', 'Positive']","[0.9986, 0.9987, 0.9984]","[[2], [7], [11]]"
585827,Riwa Gastro AG,Restaurant,"Immer wieder gern. Schönes Ambiente. Einziger Nachteil, wenn man gegenüber parkt vom Restaurant ist es manchmal ein kampf die strasse zu überqueren.",0,4.0,2020-10-03 09:00:38.165,42,False,['Ambiente'],['Positive'],[0.9943],[[5]]
585827,Riwa Gastro AG,Restaurant,Personal sehr nett. Essen sehr gut...preis/leistung sehr gut.,0,5.0,2020-10-02 18:56:50.926,19,False,"['Personal', 'Essen']","['Positive', 'Positive']","[0.9979, 0.9983]","[[0], [4]]"
585827,Riwa Gastro AG,Restaurant,"Unkompliziert und schneller Service. Essen hervorragend und sehr freundliches Personal. Essen kam sehr schnell und sind grosse Portionen. Scheint gut besucht zu sein, daher Reservation empfohlen. Kommen sehr gerne wieder.",1,5.0,2020-10-02 07:13:33.030,58,False,"['Service', 'Essen', 'Personal', 'Portionen']","['Positive', 'Positive', 'Positive', 'Positive']","[0.9961, 0.9971, 0.998, 0.9975]","[[3], [5], [10], [19]]"
585827,Riwa Gastro AG,Restaurant,"Schöne Aussicht, aufmerksamer Service, exellentes Essen. Was braucht man mehr?",2,5.0,2020-10-02 06:31:32.314,23,False,"['Aussicht', 'Service', 'Essen']","['Positive', 'Positive', 'Positive']","[0.9985, 0.9983, 0.9984]","[[1], [4], [7]]"
585827,Riwa Gastro AG,Restaurant,"Sensationell, immer wieder ein Genuss so verwöhnt zu werden 👍",1,5.0,2020-09-29 20:18:54.588,20,False,['Genuss'],['Positive'],[0.9984],[[5]]
585827,Riwa Gastro AG,Restaurant,"Gutes Essen, aufmerksames Personal, schöne Aussicht. Gerne wiedereinmal.",1,5.0,2020-09-27 19:26:34.218,23,False,"['Essen', 'Personal', 'Aussicht']","['Positive', 'Positive', 'Positive']","[0.9986, 0.9987, 0.9986]","[[1], [4], [7]]"
585827,Riwa Gastro AG,Restaurant,Immer einen halt wert,1,5.0,2020-09-24 13:28:50.620,8,False,['halt'],['Positive'],[0.9975],[[2]]
585827,Riwa Gastro AG,Restaurant,Sehr gut Wild gegessen.,0,5.0,2019-09-07 12:42:04.088,9,False,['Wild'],['Positive'],[0.998],[[2]]
585827,Riwa Gastro AG,Restaurant,"Super gegessen, schnell serviert, ausgezeichneter Service und alle Leute aus der Region. Ambiente auch sehr schön und edel. Sehr empfehlenswert. :)",2,5.0,2020-09-23 18:35:28.234,42,False,"['serviert', 'Service', 'Ambiente']","['Positive', 'Positive', 'Positive']","[0.9985, 0.9983, 0.9985]","[[4], [7], [15]]"
585827,Riwa Gastro AG,Restaurant,"Tolle Terrasse mit sehr schönem Ausblick in freundliches Personal, gutes Essen",1,4.0,2020-09-22 08:09:36.050,21,False,"['Terrasse', 'Ausblick', 'Personal', 'Essen']","['Positive', 'Positive', 'Positive', 'Positive']","[0.9984, 0.9986, 0.9984, 0.9978]","[[1], [5], [8], [11]]"
585827,Riwa Gastro AG,Restaurant,Personnel sympathique   bonne ambiance,1,5.0,2020-09-19 10:41:08.370,11,False,"['Personnel', 'ambiance']","['Positive', 'Positive']","[0.9984, 0.9983]","[[0], [3]]"
585827,Riwa Gastro AG,Restaurant,Gutes preiswertes Essen,1,4.0,2020-09-18 11:40:17.136,8,False,['Essen'],['Positive'],[0.9977],[[2]]
585827,Riwa Gastro AG,Restaurant,Super Küche,1,5.0,2020-09-17 10:36:42.015,4,False,['Küche'],['Positive'],[0.9965],[[1]]
585827,Riwa Gastro AG,Restaurant,freundlich und fein,1,5.0,2020-09-16 14:20:43.599,6,False,[],[],[],[]
585827,Riwa Gastro AG,Restaurant,"WOW !!!

Ich war diesen Samstag das erste Mal in der Waldegg. (Aber bereits xfach mit dem Auto oder Lastwagen daran vorbeigefahren)

Sehr schönes, modernes und gemütliches Restaurant. Das Essen war sehr lecker und wunderschön angerichtet. Da sieht man den Berufsstolz der Köche förmlich auf dem Teller. Zudem sehr freundliche und zuvorkommende Bedienung.

Alles in allem TOP Service !

Ich komme sehr gerne bei nächster Gelegenheit wieder vorbei.",1,5.0,2020-09-14 19:23:15.335,122,False,[],[],[],[]
585827,Riwa Gastro AG,Restaurant,"Schöne Aussicht, freundliche Bedienung, feines Essen.....",1,5.0,2020-05-27 15:12:19.146,16,False,"['Aussicht', 'Bedienung', 'Essen']","['Positive', 'Positive', 'Positive']","[0.9986, 0.9986, 0.9985]","[[1], [4], [7]]"
585827,Riwa Gastro AG,Restaurant,Wunderschön👍🙏🙋‍♂️,1,5.0,2020-09-07 17:44:02.221,10,False,[],[],[],[]
585827,Riwa Gastro AG,Restaurant,"Aussicht super, aber halbe Autobahn!",2,3.0,2020-09-05 15:39:31.735,13,False,['Aussicht'],['Positive'],[0.9697],[[0]]
585827,Riwa Gastro AG,Restaurant,"Très bien,  mais assez cher... Bons produits, bonne qualité !",1,5.0,2020-09-02 14:47:07.153,22,False,['produits'],['Positive'],[0.9969],[[10]]
585827,Riwa Gastro AG,Restaurant,Super speisen und Auswahl. ....Preise den Leistungen angepasst. Werde wiederkommen. ...war sehr fein....,1,5.0,2020-08-29 15:41:45.667,30,False,"['speisen', 'Preise']","['Positive', 'Neutral']","[0.9966, 0.7101]","[[1], [9]]"
585827,Riwa Gastro AG,Restaurant,"Wunderschönes Lokal mit einzigarizgem Charakter. Obwohl ich nicht der grösste Fan von Schweizer-Spezialitäten bin, hatte das Essen sehr gut geschmeckt. Die Preise sind fair und das Personal ausserordentlich freundlich. Wir kommen wieder",1,5.0,2020-08-29 09:06:16.119,61,False,"['Lokal', 'Essen', 'Preise', 'Personal']","['Positive', 'Positive', 'Positive', 'Positive']","[0.9907, 0.9695, 0.9897, 0.9923]","[[1], [20], [26], [31]]"
585827,Riwa Gastro AG,Restaurant,"Gut, sauber, freundlich , schönes Restaurant und Garten,",1,4.0,2020-08-26 14:44:05.423,17,False,"['Restaurant', 'Garten']","['Positive', 'Positive']","[0.9986, 0.9985]","[[7], [9]]"
585827,Riwa Gastro AG,Restaurant,Abgesehen von den Wespen (draußen) alles paletti 🙂,1,4.0,2020-08-26 07:59:10.191,17,False,['Wespen'],['Negative'],[0.7159],[[3]]
585827,Riwa Gastro AG,Restaurant,Sehr guet und sehr fründlich,1,5.0,2020-08-22 20:23:04.710,12,False,[],[],[],[]
585827,Riwa Gastro AG,Restaurant,"Mega lecker, und wie immer sehr freundlich bedient ... immer wieder gerne!
Und die Salatsaucen ... der HAMMER 😋",3,5.0,2020-08-20 20:56:02.737,32,False,"['bedient', 'Salatsaucen']","['Positive', 'Positive']","[0.9986, 0.997]","[[8], [18]]"
585827,Riwa Gastro AG,Restaurant,Entäuscht nach vielen ca.30 Jahren haben Sie meine Lieblingsspeise gestrichen....schade...schade ...,2,2.0,2020-08-17 16:03:01.972,28,False,[],[],[],[]
585827,Riwa Gastro AG,Restaurant,Sehr freundlich und feines Essen,1,5.0,2020-08-16 18:18:29.738,10,False,['Essen'],['Positive'],[0.9983],[[4]]
585827,Riwa Gastro AG,Restaurant,War wieder fantastisch Service Küche einfach alles,1,5.0,2020-08-16 15:02:46.387,11,False,['Service Küche'],['Positive'],[0.9975],"[[3, 4]]"
585827,Riwa Gastro AG,Restaurant,"Freundlich Bedienung, gutes Essen und saubere Lokalität. Das Personal ist kundenorientiert und weiss Situationen kompetent zu handhaben. Der Betrieb ist sichtlich innovativ und Qualität wird gross geschrieben. Zugleich scheinen die Betreiber dem Personal die nötige Wertschätzung zu geben.",1,4.0,2020-08-10 13:56:14.932,67,False,"['Bedienung', 'Essen', 'Lokalität', 'Personal', 'Betrieb', 'Betreiber']","['Positive', 'Positive', 'Positive', 'Positive', 'Positive', 'Positive']","[0.9973, 0.9965, 0.9934, 0.9914, 0.994, 0.9973]","[[1], [4], [7], [10], [21], [34]]"
585827,Riwa Gastro AG,Restaurant,Gutes Ambiente und sehr freundliche professionelle Bedienung,1,5.0,2020-08-09 09:39:01.609,16,False,"['Ambiente', 'Bedienung']","['Positive', 'Positive']","[0.9984, 0.9984]","[[1], [6]]"
585827,Riwa Gastro AG,Restaurant,Super Nussgipfel!!!,1,5.0,2020-08-08 19:24:34.019,7,False,['Nussgipfel'],['Positive'],[0.9985],[[1]]
585827,Riwa Gastro AG,Restaurant,Immer wieder super fein und super Bedienung,1,5.0,2020-08-06 17:04:49.038,11,False,['Bedienung'],['Positive'],[0.9984],[[6]]
585827,Riwa Gastro AG,Restaurant,Der beste Eiskaffe den ich je hatte :)) Wir kommen wieder! Das Essen der anderen Gäste sah auch super aus. Man kann regionale Produkte wie zb Honig oder sogar Honig-Waben kaufen:)),1,5.0,2020-08-06 15:45:26.817,48,False,"['Eiskaffe', 'Essen']","['Positive', 'Positive']","[0.9978, 0.9398]","[[2], [15]]"
585827,Riwa Gastro AG,Restaurant,Sehr lecker und günstig,1,5.0,2020-08-05 19:31:59.577,9,False,[],[],[],[]
585827,Riwa Gastro AG,Restaurant,Schöne Aussicht. Es wird aktuell bedient. Der Service ist schnell. Preise sind jedoch nicht günstig,0,4.0,2020-08-05 16:17:15.327,28,False,"['Aussicht', 'Service', 'Preise']","['Positive', 'Positive', 'Negative']","[0.9853, 0.9721, 0.6203]","[[1], [9], [13]]"
585827,Riwa Gastro AG,Restaurant,"Wurden unfreundlich verschickt, weil Sie zu faul waren.",5,1.0,2020-08-05 12:24:28.771,18,False,[],[],[],[]
585827,Riwa Gastro AG,Restaurant,"Wie immer sehr lecker, Cordon Bleu mit Pommes und zum dessert Den Waldegg Kucken mit Vanille Eis einfach ein Traum 😀",1,5.0,2018-09-11 18:34:47.983,33,False,"['Cordon Bleu', 'dessert', 'Eis']","['Positive', 'Positive', 'Positive']","[0.9858, 0.8508, 0.9415]","[[5, 6], [11], [17]]"
585827,Riwa Gastro AG,Restaurant,"gute Qualität, top Service",1,5.0,2020-08-04 12:50:01.524,8,False,"['Qualität', 'Service']","['Positive', 'Positive']","[0.9973, 0.9979]","[[1], [4]]"
585827,Riwa Gastro AG,Restaurant,"Alles perfekt, super freundliche Bedien ung!!!",0,5.0,2020-08-01 07:58:07.516,13,False,['Bedien ung'],['Positive'],[0.9987],"[[5, 6]]"
585827,Riwa Gastro AG,Restaurant,Super freundliche Bedienung und super Essen,1,5.0,2020-07-31 16:59:38.862,10,False,"['Bedienung', 'Essen']","['Positive', 'Positive']","[0.9983, 0.9981]","[[2], [5]]"
585827,Riwa Gastro AG,Restaurant,Sehr schöne Beiz,1,5.0,2020-07-31 15:11:32.742,8,False,['Beiz'],['Positive'],[0.998],[[2]]
585827,Riwa Gastro AG,Restaurant,Excellente Gastronomie,1,5.0,2020-07-29 15:22:04.195,6,False,['Gastronomie'],['Positive'],[0.9979],[[1]]
585827,Riwa Gastro AG,Restaurant,Gute nette Bedienung,1,4.0,2020-07-25 14:12:25.645,7,False,['Bedienung'],['Positive'],[0.998],[[2]]
585827,Riwa Gastro AG,Restaurant,"Great service and food! Nice detail, with the salad comes a bottle of housemade salad sauce to serve (I suppose this can be purchased as well and it's very good). The view is phantastic",1,5.0,2020-07-23 11:51:49.601,53,False,"['service', 'food', 'salad', 'salad sauce', 'view']","['Positive', 'Positive', 'Neutral', 'Neutral', 'Positive']","[0.9215, 0.8162, 0.7466, 0.5385, 0.8678]","[[1], [3], [10], [16, 17], [38]]"
585827,Riwa Gastro AG,Restaurant,Freundliche Bedienung,1,5.0,2020-07-21 03:55:31.496,6,False,['Bedienung'],['Positive'],[0.9978],[[1]]
585827,Riwa Gastro AG,Restaurant,Alles Top. Sehr freundlich und wir haben alle gut gegessen,3,5.0,2020-07-20 12:41:59.264,17,False,[],[],[],[]
585827,Riwa Gastro AG,Restaurant,"Super....schönes Lokal,gutes Essen und super freundliches Personal. Sehr zu empfehlen.Gerne wider",1,5.0,2020-07-19 15:06:05.556,25,False,"['Lokal', 'Essen', 'Personal']","['Positive', 'Positive', 'Positive']","[0.9988, 0.9988, 0.9983]","[[6], [9], [13]]"
585827,Riwa Gastro AG,Restaurant,"Ich seg nu
.. chateau briant...",1,5.0,2020-07-18 10:20:27.854,13,False,['chateau'],['Positive'],[0.61],[[5]]
585827,Riwa Gastro AG,Restaurant,Seit Jahren top,1,5.0,2020-07-17 16:55:48.617,6,False,[],[],[],[]
585827,Riwa Gastro AG,Restaurant,"Das Essen war super. Auch zu erwähnen ist, dass die eine Kellnerin aufmerksam war und unseren Eltern zum Hochzeitstag eine Flasche Huus-Dressing von Waldegg schenkte.",3,5.0,2020-07-13 18:19:18.315,49,False,"['Essen', 'Kellnerin']","['Positive', 'Positive']","[0.9983, 0.9966]","[[1], [13]]"
585827,Riwa Gastro AG,Restaurant,Ist nur am sa so offen,0,4.0,2019-09-09 17:42:59.128,8,False,[],[],[],[]
585827,Riwa Gastro AG,Restaurant,"Sehr feines essen, grosse auswahl für allergiker. Die aussicht auf den zürichsee ist wunderbar. Man kann einige lokale produkte kaufen. Frühzeitige reservation wird benötigt, da sehr gut ausgebucht",1,5.0,2020-07-13 10:14:05.954,55,False,"['essen', 'aussicht']","['Positive', 'Positive']","[0.9978, 0.9854]","[[2], [10]]"
585827,Riwa Gastro AG,Restaurant,Good,1,5.0,2020-07-09 15:57:41.132,3,False,[],[],[],[]
585827,Riwa Gastro AG,Restaurant,Immer wieder super!,1,5.0,2020-07-08 15:06:43.457,7,False,[],[],[],[]
585827,Riwa Gastro AG,Restaurant,"Sehr schön, nett, Kaffee ziemlich teuer und ohne Guetzli oder so.",1,4.0,2020-07-04 13:44:41.111,22,False,['Kaffee'],['Negative'],[0.9466],[[5]]
585827,Riwa Gastro AG,Restaurant,"Schönes Lokal an top Aussichtslage.
Ehemaliger Tankstellenshop, welcher zu einem modernen, hellen Restaurant umgebaut wurde.
Viele Gratisparkplätze.
Personal ist betont freundlich, jedoch zuweilen etwas vergesslich.
Umfangreiche Speisekarte. Preise entsprechen der Lage und der gebotenen Qualität.
Definitiv einen Abstecher wert, vor allem in der warmen Jahreszeit, wenn man die riesige Terrasse geniessen kann.",2,4.0,2020-06-28 15:50:20.515,112,False,"['Lokal', 'Personal', 'Speisekarte', 'Terrasse']","['Positive', 'Positive', 'Positive', 'Positive']","[0.9891, 0.8278, 0.9305, 0.8152]","[[1], [22], [33], [60]]"
585827,Riwa Gastro AG,Restaurant,Super!,1,5.0,2020-06-28 14:45:09.685,4,False,[],[],[],[]
585827,Riwa Gastro AG,Restaurant,"Freundliche, rasche Bedienung, gutes Essen, herrlicher Weitblick über die Region des oberen Zürichsees. Wir kehren regelmässig dort ein, auf dem Weg durchs Toggenburg. Genügend Parkplätze vorhanden.",1,4.0,2020-06-25 20:01:54.495,56,False,"['Bedienung', 'Essen', 'Parkplätze']","['Positive', 'Positive', 'Positive']","[0.998, 0.998, 0.9968]","[[3], [6], [30]]"
585827,Riwa Gastro AG,Restaurant,"Einfach Top, Personal Top, Essen Top, Einrichtung Top, sehr zu empfehlen.",1,5.0,2020-06-13 06:24:28.927,20,False,"['Personal', 'Essen', 'Einrichtung']","['Positive', 'Positive', 'Positive']","[0.9986, 0.9987, 0.9987]","[[3], [6], [9]]"
585827,Riwa Gastro AG,Restaurant,"Sehr schöner Ort, freundliches Personal, sauber und gut",0,4.0,2020-06-12 17:38:14.484,17,False,"['Ort', 'Personal']","['Positive', 'Positive']","[0.9986, 0.9986]","[[2], [5]]"
585827,Riwa Gastro AG,Restaurant,😍,1,5.0,2020-06-09 12:34:56.968,4,False,[],[],[],[]
585827,Riwa Gastro AG,Restaurant,Ganz feines Essen. Sehr freundlicher Service. Auch für Veganer grosse Auswahl. Immer wieder gern. 👍👍👍,1,5.0,2020-05-31 10:38:01.161,34,False,"['Essen', 'Service']","['Positive', 'Positive']","[0.9987, 0.9985]","[[2], [6]]"
585827,Riwa Gastro AG,Restaurant,"Sehr schönes Restaurant mit traumhafter Terrasse. Sehr leckeres essen und perfekter, herzlicher Service. Kommen gerne wieder.",2,5.0,2020-05-26 19:12:00.230,33,False,"['Restaurant', 'Terrasse', 'essen', 'Service']","['Positive', 'Positive', 'Positive', 'Positive']","[0.9986, 0.9987, 0.9987, 0.997]","[[2], [5], [9], [14]]"
585827,Riwa Gastro AG,Restaurant,Sehr gut gegessen. Sehr freundliche Bedienung.,1,4.0,2020-05-21 20:12:01.380,15,False,['Bedienung'],['Positive'],[0.9986],[[6]]
585827,Riwa Gastro AG,Restaurant,"Auf der Durchreise fürs Mittagessen spontan halt gemacht und richtig positiv überrascht gewesen. Modern eingerichtet, sehr freundliches Personal und bei toller Aussicht auf der Gartenterrasse einen frischen, leckeren Sommerteller verspiesen. Werde da gerne wieder einmal eine Zwischenhalt einlegen.",2,5.0,2020-05-18 14:10:13.295,73,False,"['eingerichtet', 'Personal', 'Aussicht', 'Gartenterrasse']","['Positive', 'Positive', 'Positive', 'Positive']","[0.9944, 0.9973, 0.9977, 0.9978]","[[15], [19], [23], [26]]"
585827,Riwa Gastro AG,Restaurant,"Nette Bedingung und sehr leckere Torte und wenn das Wetter mitspielt, super Aussicht",1,5.0,2020-05-16 15:55:04.915,25,False,"['Bedingung', 'Torte', 'Aussicht']","['Positive', 'Positive', 'Positive']","[0.9959, 0.998, 0.9969]","[[1], [5], [13]]"
585827,Riwa Gastro AG,Restaurant,Sehr schönes Restaurant und super feines essen. Auch der Shop zum einkaufen ist reichlich und grosse Auswahl. Das Personal ist sehr freundlich.,2,5.0,2020-03-15 05:25:55.472,38,False,"['Restaurant', 'essen', 'Shop', 'Personal']","['Positive', 'Positive', 'Positive', 'Positive']","[0.998, 0.9969, 0.9967, 0.9956]","[[2], [6], [10], [20]]"
585827,Riwa Gastro AG,Restaurant,Schnell und sehr gut,1,4.0,2020-03-08 12:47:56.294,7,False,[],[],[],[]
585827,Riwa Gastro AG,Restaurant,Feines Essen,1,5.0,2020-03-07 17:25:02.705,5,False,['Essen'],['Positive'],[0.9696],[[1]]
585827,Riwa Gastro AG,Restaurant,Mega fein Vanille Sauce und en Milchkafi,0,5.0,2019-05-13 14:11:44.683,13,False,['Vanille Sauce'],['Positive'],[0.9705],"[[2, 3]]"
585827,Riwa Gastro AG,Restaurant,"Als Töfffahrer über den Ricken und im Waldegg kurz Inne halten lohnt sich. Die schöne Aussicht ohne Helm ist wunderschön. Das Essen (Wurst-Käse-Salat) ist sehr lecker und grosszügig. Das Personal ist sehr zuvorkommend aber ein tic zu aufdringlich. Ich kann verstehen, wenn es so gut läuft, dass man, die Gäste nicht warten lassen will. Da muss der Chef eben eine Person im Sevice mehr aufbieten...
Saubere WC, viele PP und ein hübscher Laden mit Spezialitäten aus der Region.",1,4.0,2020-03-06 08:23:23.052,137,False,[],[],[],[]
585827,Riwa Gastro AG,Restaurant,"Freundlich, Gemütlich, für einen durchschnittlichen Preis grosse Portion hausgemachtes Essen. Das Essen war sensationell. Habe selten auswärts so gut gegessen.",2,5.0,2020-03-04 05:44:25.252,42,False,"['Essen', 'Essen']","['Positive', 'Positive']","[0.9921, 0.9921]","[[11], [14]]"
585827,Riwa Gastro AG,Restaurant,"Super restaurant, egal für welchen Anlass.
Preisleistung und Service einfach nur Top
Sehr empfehlenswert. 👍👍👍",1,5.0,2020-03-03 17:09:04.237,30,False,"['restaurant', 'Preisleistung', 'Service']","['Positive', 'Positive', 'Positive']","[0.9987, 0.9989, 0.9989]","[[1], [8], [10]]"
585827,Riwa Gastro AG,Restaurant,"Der Eiskaffe ist weit rum der Beste. Ich Liebe Ihn cremig gerührt, nicht geschüttelt😉",1,5.0,2020-03-02 19:34:00.033,26,False,['Eiskaffe'],['Positive'],[0.9978],[[1]]
585827,Riwa Gastro AG,Restaurant,"Super Ausblick, tolle Bedienung und Atmosphäre:)!",3,5.0,2020-03-02 19:19:25.268,16,False,"['Ausblick', 'Bedienung', 'Atmosphäre']","['Positive', 'Positive', 'Positive']","[0.9985, 0.9986, 0.9986]","[[1], [4], [6]]"
585827,Riwa Gastro AG,Restaurant,"Zu teuer, service normal",0,2.0,2020-03-02 11:08:36.216,8,False,['service'],['Neutral'],[0.5971],[[3]]
585827,Riwa Gastro AG,Restaurant,"Einfach immer super....unverändert hoher Standard, Service und Qualität...",2,5.0,2020-03-01 22:48:12.078,18,False,['Service'],['Positive'],[0.9985],[[11]]
585827,Riwa Gastro AG,Restaurant,"Waldegg, hier wird einem klar was Landleben heisst. Ich bin froh hier zu Leben.
In Romanshorn ist es möglich sich zu Entspannen.",0,5.0,2020-03-01 15:46:07.978,37,False,['Romanshorn'],['Positive'],[0.998],[[18]]
585827,Riwa Gastro AG,Restaurant,Feines Essen. Selbstgemachte Salatsauce. Schneller und freundlicher Service. Immer wieder gerne.,2,4.0,2020-02-24 17:49:57.210,26,False,"['Essen', 'Service']","['Positive', 'Positive']","[0.9922, 0.9976]","[[1], [9]]"
585827,Riwa Gastro AG,Restaurant,Zehir gut geschmack,1,4.0,2020-02-24 09:47:35.531,7,False,['Zehir'],['Positive'],[0.9943],[[0]]
585827,Riwa Gastro AG,Restaurant,einfach wunderbar,2,5.0,2020-02-23 14:05:21.847,6,False,[],[],[],[]
585827,Riwa Gastro AG,Restaurant,"Schöne Lage, gutes Essen, promte Bedienung. Immer wieder gerne.",1,5.0,2020-02-23 13:15:01.519,21,False,"['Lage', 'Essen', 'Bedienung']","['Positive', 'Positive', 'Positive']","[0.9984, 0.9984, 0.9985]","[[1], [4], [7]]"
585827,Riwa Gastro AG,Restaurant,😁☝️💪👍,1,5.0,2020-02-22 20:52:18.082,8,False,[],[],[],[]
585827,Riwa Gastro AG,Restaurant,Toller Ausblick.... grandioser Sonnenuntergang.... schöne Terrasse .... ... Essen  3 bis 4 Sterne ... Salatdressing Wahnsinnig LECKER ... Massenabfertigung im Restaurant aber auf hohem Niveau ... moderate Preise ... Service ist freundlich und bemüht ... Parkplätze genügend vorhanden ... einen Kinderspielplatz gibt es auch im Außenbereich,2,5.0,2020-02-22 19:59:17.489,81,False,[],[],[],[]
585827,Riwa Gastro AG,Restaurant,"Sehr gutes Essen, wunderschöne Aussicht, kann ich nur empfehlen",1,5.0,2020-02-20 20:27:04.416,17,False,"['Essen', 'Aussicht']","['Positive', 'Positive']","[0.9985, 0.9987]","[[2], [5]]"
585827,Riwa Gastro AG,Restaurant,"Wir waren für ein Nachtessen am Sonntag mit 7 Personen im Restaurant.
Sehr gute Infrastruktur, sehr aufmerksames Personal, und top Küche. Die Portionsgrösse ist super. Die schlechte Rezesion einiger Personen kann ich nicht bestätigen.",1,5.0,2020-02-18 21:49:16.605,59,False,"['Infrastruktur', 'Personal', 'Küche', 'Portionsgrösse', 'Rezesion']","['Positive', 'Positive', 'Positive', 'Positive', 'Positive']","[0.9954, 0.9972, 0.9955, 0.9911, 0.9882]","[[15], [19], [23], [26], [32]]"
585827,Riwa Gastro AG,Restaurant,Wie immer sehr freundlich und mega fein,1,5.0,2020-02-18 19:00:35.911,11,False,[],[],[],[]
585827,Riwa Gastro AG,Restaurant,"Sehr schöner gepflegter Ort , feines Essen , freundliche Bedienung und tolle Aussicht ! 👍😉🍽🍺🙌",1,5.0,2020-02-18 10:28:15.872,34,False,"['Ort', 'Essen', 'Bedienung', 'Aussicht']","['Positive', 'Positive', 'Positive', 'Positive']","[0.9988, 0.9988, 0.9987, 0.9973]","[[3], [6], [9], [12]]"
585827,Riwa Gastro AG,Restaurant,"Essen Top, immer Zuviel Leute",1,4.0,2020-02-18 09:24:53.817,10,False,['Essen'],['Positive'],[0.9965],[[0]]
585827,Riwa Gastro AG,Restaurant,"Schönes Restaurant, freundliche Bedienung, leckere Mittagsmenu.",1,5.0,2020-02-17 11:59:03.305,18,False,"['Restaurant', 'Bedienung', 'Mittagsmenu']","['Positive', 'Positive', 'Positive']","[0.9983, 0.9984, 0.9984]","[[1], [4], [7]]"
585827,Riwa Gastro AG,Restaurant,"Freundlich, aufmerksam und einfach gut. Schönes Ambiente, tolle Aussicht und feinstes Essen.",1,5.0,2020-02-16 20:45:24.529,27,False,"['Ambiente', 'Aussicht', 'Essen']","['Positive', 'Positive', 'Positive']","[0.9987, 0.9979, 0.9916]","[[8], [11], [14]]"
585827,Riwa Gastro AG,Restaurant,Weltbester Eiscafé und top Service. Absolut perfekte Aussicht 😍😍😍,1,5.0,2020-02-15 10:04:28.346,20,False,"['Eiscafé', 'Service', 'Aussicht']","['Positive', 'Positive', 'Positive']","[0.9986, 0.9986, 0.9986]","[[1], [4], [8]]"
585827,Riwa Gastro AG,Restaurant,"Tolle Lage, herrlich Aussicht, super Service und leckeres Essen. Alles in Allem Tip Top!!!!",1,5.0,2020-02-09 17:30:06.669,27,False,"['Lage', 'Aussicht', 'Service', 'Essen']","['Positive', 'Positive', 'Positive', 'Positive']","[0.9987, 0.9988, 0.9988, 0.9987]","[[1], [4], [7], [10]]"
585827,Riwa Gastro AG,Restaurant,Sehr feines Essen und aufmerksame und freundliche Bedienung,1,5.0,2018-03-10 02:55:28.348,16,False,"['Essen', 'Bedienung']","['Positive', 'Positive']","[0.9984, 0.9985]","[[2], [7]]"
585827,Riwa Gastro AG,Restaurant,Ich war das erste mal hier. Ein sehr schönes Restaurant mit super Essen. Die Salatsauce ist sehr bekannt und wirklich grossartig.,2,5.0,2020-02-01 06:49:15.756,34,False,"['Restaurant', 'Essen', 'Salatsauce']","['Positive', 'Positive', 'Positive']","[0.998, 0.9975, 0.995]","[[10], [13], [16]]"
585827,Riwa Gastro AG,Restaurant,"Bedienung,Qualität und Sauberkeit",1,5.0,2020-01-31 13:49:25.967,10,False,"['Bedienung', 'Qualität', 'Sauberkeit']","['Positive', 'Positive', 'Positive']","[0.9855, 0.989, 0.9021]","[[0], [2], [4]]"
585827,Riwa Gastro AG,Restaurant,"Die Lage ist top. Der Betrieb nicht so mein Ding. Erinnert etwas an eine Mensa.

Vielleicht sollte das Service-Personal weniger Stress haben.
Unseren jungen Service-Dame ist jedes Lächeln entschwunden.
Sie war unfröhlich im Job.
Sie hat unseres Grüezi nicht gehört, auch nichts gesagt und keine Zeit zu fragen, was wir zum Glace trinken möchten.

Im Glashaus hinten waren gerade 2 Tische besetzt, vorne war es voll.

So kommt man nicht wieder.",0,3.0,2020-01-26 10:28:36.005,129,False,[],[],[],[]
585827,Riwa Gastro AG,Restaurant,Super Ort!!,1,5.0,2020-01-24 16:19:20.967,5,False,['Ort'],['Positive'],[0.998],[[1]]
585827,Riwa Gastro AG,Restaurant,"Gutes essen, Bedienung top",1,5.0,2020-01-19 20:04:59.427,9,False,"['essen', 'Bedienung']","['Positive', 'Positive']","[0.9981, 0.9984]","[[1], [3]]"
585827,Riwa Gastro AG,Restaurant,"Stets freundlicher Service, sehr gute Speisen, angenehme Atmosphäre",1,4.0,2020-01-17 19:07:24.695,21,False,"['Service', 'Speisen', 'Atmosphäre']","['Positive', 'Positive', 'Positive']","[0.9983, 0.9986, 0.9933]","[[2], [6], [9]]"
585827,Riwa Gastro AG,Restaurant,Aussicht Top. Bedienung Top. Essen schmerzhaft schlecht. Tiefgefrohren und lieblos und schlechteste Qualität,0,2.0,2020-01-14 17:01:43.644,30,False,"['Aussicht', 'Bedienung', 'Essen']","['Positive', 'Positive', 'Negative']","[0.9939, 0.9218, 0.7154]","[[0], [3], [6]]"
585827,Riwa Gastro AG,Restaurant,"Empfehlenswertes Restaurant, alles passt. Genug Parkplätze, gutes Essen und freundliche Bedienung. Wir kommen gerne wieder.",1,5.0,2020-01-11 20:36:18.097,31,False,"['Restaurant', 'Parkplätze', 'Essen', 'Bedienung']","['Positive', 'Positive', 'Positive', 'Positive']","[0.9966, 0.9977, 0.9981, 0.9977]","[[1], [7], [10], [13]]"
585827,Riwa Gastro AG,Restaurant,Sehr schöne Aussicht und gutes Essen. Freundliches Personal.,1,4.0,2020-01-08 21:14:38.469,17,False,"['Aussicht', 'Essen', 'Personal']","['Positive', 'Positive', 'Positive']","[0.9986, 0.9984, 0.9983]","[[2], [5], [8]]"
585827,Riwa Gastro AG,Restaurant,Top Service,1,4.0,2018-10-04 20:35:39.721,4,False,['Service'],['Positive'],[0.9966],[[1]]
585827,Riwa Gastro AG,Restaurant,"Guter & freundlicher Service.
Sehr gutes Essen.
Wir waren zu 5, alle waren sehr zufrieden.
Tipp: vorher Platz reservieren.",1,5.0,2020-01-05 14:09:15.288,37,False,"['Service', 'Essen']","['Positive', 'Positive']","[0.9981, 0.998]","[[3], [7]]"
585827,Riwa Gastro AG,Restaurant,Trotzdem dass sehr viele Gäste anwesend sind wirkte das Personal nicht gestresst es blieb Freundlich und Aufmerksam das Essen top und Reichlich da muss niemand mit Hunger das Lokal verlassen Top Adresse kommen gerne wieder,2,5.0,2020-01-03 15:04:58.469,56,False,"['Personal', 'Essen', 'Adresse']","['Positive', 'Positive', 'Positive']","[0.9853, 0.9941, 0.9875]","[[9], [18], [31]]"
585827,Riwa Gastro AG,Restaurant,"Das Rest. Waldegg kenne ich seit vielen Jahren und es ist immer eine gute Adresse. Ob zum Frühstück, zum Mittag- oder Abendessen, man fühlt sich wohl, die Küche ist hervorragend und das Personal und die Chefin lassen es spüren, dass man jederzeit ein gern gesehener Gast ist.
Auch die schöne Lage mit der traumhaften Aussicht ist einmalig. Die Terrasse lädt bei schönem und warmen Wetter ein, draussen zu sitzen und einen wunderbaren Dessert aus dem grossen Angebot zu geniessen. Ich komme immer wieder gerne vorbei, macht weiter so.... Suuuper 👍
Dölf Neururer aus Meilen",2,5.0,2019-12-30 08:18:29.280,150,False,[],[],[],[]
585827,Riwa Gastro AG,Restaurant,"Immer wieder super Service und feines Essen, Preis Leistung tip top",1,5.0,2019-12-29 11:37:20.958,16,False,"['Service', 'Essen']","['Positive', 'Positive']","[0.9982, 0.9984]","[[3], [6]]"
585827,Riwa Gastro AG,Restaurant,Hammer essen wie immer 😋👍👍,1,5.0,2019-12-27 19:43:29.087,10,False,['Hammer essen'],['Positive'],[0.9904],"[[0, 1]]"
585827,Riwa Gastro AG,Restaurant,Super Service und leckers Essen.,1,5.0,2019-12-23 19:36:58.306,10,False,"['Service', 'Essen']","['Positive', 'Positive']","[0.998, 0.9982]","[[1], [4]]"
585827,Riwa Gastro AG,Restaurant,Qualitativ hochwertiges Essen! Immer fein,1,5.0,2019-12-23 07:56:11.192,12,False,['Essen'],['Positive'],[0.9985],[[2]]
585827,Riwa Gastro AG,Restaurant,Sehr feines Essen zu guten Preisen,1,5.0,2019-12-22 07:27:21.233,12,False,"['Essen', 'Preisen']","['Positive', 'Positive']","[0.9979, 0.9979]","[[2], [5]]"
585827,Riwa Gastro AG,Restaurant,Sehr gut,1,5.0,2019-12-20 22:54:24.031,5,False,[],[],[],[]
585827,Riwa Gastro AG,Restaurant,Gemütlich und freundlich,1,5.0,2019-12-14 19:58:20.867,8,False,[],[],[],[]
585827,Riwa Gastro AG,Restaurant,"Freundliche Bedienung reichhaltige, abwechslungsreichr Menukarte. Sehr schöne Aussicht.",1,4.0,2019-12-09 05:38:50.624,25,False,"['Bedienung', 'Menukarte', 'Aussicht']","['Positive', 'Positive', 'Positive']","[0.9979, 0.998, 0.9816]","[[1], [5], [9]]"
585827,Riwa Gastro AG,Restaurant,Sehr gutes Essen und sehr schönes Restaurant,1,5.0,2019-12-06 07:32:55.116,13,False,"['Essen', 'Restaurant']","['Positive', 'Positive']","[0.9984, 0.9983]","[[2], [6]]"
585827,Riwa Gastro AG,Restaurant,"Waldegg, ist klein macht mir jedoch grosse Freude, falls ihr mal im Wald seid, und ihr seht eine kleine Waldschenke da könnt ihr Drinken Essen und so manches mehr!",0,5.0,2019-12-03 10:04:35.045,51,False,['Waldegg'],['Negative'],[0.5723],[[0]]
585827,Riwa Gastro AG,Restaurant,Freundliche Bedienung👍 essen 👍 frei mich jedesmal......,1,5.0,2019-12-02 12:32:51.242,15,False,['Bedienung👍'],['Positive'],[0.992],[[1]]
585827,Riwa Gastro AG,Restaurant,Schönes Restaurant und sehr schöne WeihnachtsDeko🤗,1,4.0,2019-11-30 18:06:53.495,14,False,['Restaurant'],['Positive'],[0.9983],[[1]]
585827,Riwa Gastro AG,Restaurant,Immer wieder gerne,1,5.0,2019-11-30 08:55:31.405,7,False,[],[],[],[]
585827,Riwa Gastro AG,Restaurant,Gut gelegen für eine Pause !,1,4.0,2019-11-23 12:21:37.259,11,False,['gelegen'],['Positive'],[0.9975],[[1]]
585827,Riwa Gastro AG,Restaurant,"Sehr gepflegte location, liebevoll zubereitete Speisen!",1,5.0,2019-11-18 12:34:26.308,19,False,"['location', 'Speisen']","['Positive', 'Positive']","[0.9982, 0.9983]","[[2], [6]]"
585827,Riwa Gastro AG,Restaurant,Hallo ich heisse  Christian das  Essen war so so hervor ragend echt da kann man nur nur sagen wau  wau Mit  freundlichen Grüssen Gmür  Christian,1,5.0,2019-11-16 22:30:57.238,35,False,['Essen'],['Positive'],[0.9955],[[5]]
585827,Riwa Gastro AG,Restaurant,Das Essen sowie die Bedienung sind genial! Dazu noch die Aussicht und ein Essen verläuft perfekt!,1,5.0,2019-11-16 17:42:35.961,27,False,"['Essen', 'Bedienung', 'Aussicht', 'Essen']","['Positive', 'Positive', 'Positive', 'Positive']","[0.9984, 0.9985, 0.9975, 0.9984]","[[1], [4], [11], [14]]"
585827,Riwa Gastro AG,Restaurant,"Der Vegi-Wild Teller war der absolute hammer !!! Ich weiss, dass die Leute von weit her kommen um diesen zu probieren und der ist sooo gut, man braucht gar kein Fleisch. Die Bedienung ist sehr nett, es geht zügig, Preis absolut okay ! Auch genügend Parkplätze. Wir kommem gerne wieder!",1,5.0,2019-11-14 20:44:49.576,86,False,"['Vegi - Wild Teller', 'Fleisch', 'Bedienung', 'Preis', 'Parkplätze']","['Positive', 'Positive', 'Positive', 'Positive', 'Positive']","[0.9922, 0.9532, 0.9466, 0.9925, 0.9949]","[[1, 2, 3, 4], [36], [39], [48], [54]]"
585827,Riwa Gastro AG,Restaurant,Gediegenes Restaurant zum gepflegt Speisen.,0,5.0,2019-11-14 18:03:43.840,14,False,"['Restaurant', 'Speisen']","['Positive', 'Positive']","[0.9941, 0.9908]","[[1], [4]]"
585827,Riwa Gastro AG,Restaurant,"Sehr modern eingerichtetes Restaurant mit schöner Aussicht und leckerem Essen, auch für den kleinen Hunger. Das Glace ist sehr lecker und bietet sogar etwas für Diabetiker. Die Bedienung war sehr freundlich.",1,5.0,2019-11-13 22:58:46.117,59,False,"['Restaurant', 'Aussicht', 'Essen', 'Glace', 'Bedienung']","['Positive', 'Positive', 'Positive', 'Positive', 'Positive']","[0.9976, 0.9977, 0.9965, 0.9972, 0.9974]","[[3], [6], [9], [18], [30]]"
585827,Riwa Gastro AG,Restaurant,Sehr schön und gemütlich,2,5.0,2019-11-11 16:26:09.070,9,False,[],[],[],[]
585827,Riwa Gastro AG,Restaurant,Essen ist sehr git,0,4.0,2019-11-09 18:29:40.574,7,False,['Essen'],['Negative'],[0.9787],[[0]]
585827,Riwa Gastro AG,Restaurant,Sehr schönes Restaurant mit sehr schönem Aussenbereich und super Aussicht,0,4.0,2019-11-06 15:46:18.543,19,False,"['Restaurant', 'Aussenbereich', 'Aussicht']","['Positive', 'Positive', 'Positive']","[0.9985, 0.9987, 0.9984]","[[2], [6], [9]]"
585827,Riwa Gastro AG,Restaurant,"Sehr gutes Essen, nettes Personal, super Service und kurze wartezeiten",0,5.0,2019-11-05 14:56:09.601,20,False,"['Essen', 'Personal', 'Service', 'wartezeiten']","['Positive', 'Positive', 'Positive', 'Positive']","[0.9984, 0.9983, 0.9982, 0.9981]","[[2], [5], [8], [11]]"
585827,Riwa Gastro AG,Restaurant,Sehr freundliches Personal. Angebot und Preis/Leistung gut. Tolle Aussicht in die Berge dank grosser Glasfront. Groser Parkplatz. Kann ich empfehlen😀,0,5.0,2019-11-04 16:28:28.089,38,False,"['Personal', 'Aussicht', 'Parkplatz']","['Positive', 'Positive', 'Positive']","[0.9981, 0.9984, 0.9968]","[[2], [12], [21]]"
585827,Riwa Gastro AG,Restaurant,Super Restaurant,0,5.0,2019-06-02 15:21:05.919,4,False,['Restaurant'],['Positive'],[0.9955],[[1]]
585827,Riwa Gastro AG,Restaurant,Perfekter Halt für einen Zwischenstop von St. Gallen nach Jona. Kaffee oder Essen. Auch toll für Kinder. Ausblick genial. Bedienung aehr freundlich.,0,5.0,2019-10-27 09:11:10.657,41,False,"['Halt', 'Ausblick', 'Bedienung']","['Positive', 'Positive', 'Positive']","[0.9818, 0.9843, 0.9859]","[[1], [21], [24]]"
585827,Riwa Gastro AG,Restaurant,"Sehr schöne Aussicht von der Terrasse. Das Essen ist sehr fein mit vielen Vor-, Haupt- und Nachspeisen. Natürlich mit einer seperatem Dessertkarte😍. Ich gönne mir mehrmals im Jahr dieses Restaurant zu besuchen. Das Personal ist sehr freundlich und sehr Aufmerksam. Auch ist das Restaurant Kinderfreundlich. War kein Problem mit meiner 10monate alte Mädchen dort Essen zu gehen. Ich freu mich schon aufs nächste Mal.",0,5.0,2019-09-22 16:23:26.190,111,False,"['Aussicht', 'Terrasse', 'Essen', 'Personal']","['Positive', 'Positive', 'Positive', 'Positive']","[0.9974, 0.9968, 0.9959, 0.9971]","[[2], [5], [8], [40]]"
585827,Riwa Gastro AG,Restaurant,Super,1,5.0,2019-10-21 06:04:53.922,3,False,[],[],[],[]
585827,Riwa Gastro AG,Restaurant,Schöne restaurant mit Panoramablick und gutes Essen.,0,4.0,2019-10-20 21:20:51.675,13,False,"['restaurant', 'Panoramablick', 'Essen']","['Positive', 'Positive', 'Positive']","[0.9983, 0.9984, 0.9983]","[[1], [3], [6]]"
585827,Riwa Gastro AG,Restaurant,"Zu der vorherigen Rezension von Herrn Alfredo D'Abrosca möchte ich gerne etwas hinzufügen, weil ich per Zufall Zeuge des beschriebenen Vorfalls war.
Aus meiner Sicht ist es eine Frage des Anstands und des Respekts, wie wir uns als Gäste verhalten. Bekanntlich ist das Rest. Waldegg am Wochenende immer sehr gut besucht, insbesondere bei schönem Wetter. Um auf Nummer sicher zu gehen ist eine Reservation zu empfehlen.
Die Motorradfahrer haben sich in einer Art und Weise verhalten, die es jedem freien Unternehmer gestattet, sie als Gäste abzuweisen. Dies dann aber dem Gastgeber anzulasten, ist der Gipfel der Unanständigkeit. Die Unfreundlichkeit kam nicht von der Gastgeberin, sondern von Ihnen, Herr D'Abrosca.
Die Gastgeberin hat den Motorradfahrern einen Platz angeboten, mit dem Hinweis, dass ab 12.30 Uhr eine Reservation für diesen Tisch vorliege. Am angebotenen Tisch hätten sechs Personen sehr wohl Platz finden können, hätten sie es denn wirklich gewollt.
Ihre Tochter, Herr D'Abrosca, das schneller erkannt als Sie selber. Insofern war es ein Segen für alle Beteiligten, dass Sie sich wieder auf die Strasse begeben und eine Alternative zur Waldegg gesucht haben.
Es bleibt zu hoffen, dass Sie eine Beiz gefunden haben, die Ihr Benehmen toleriert und Sie trotzdem noch ein anständiges Sonntags-Menu geniessen konnten.
Wir anderen Gäste auf der Waldegg haben den Service, das Essen, die Ambiente und die Ruhe sehr genossen.
Restaurant Waldegg: für mich immer wieder gern.",1,5.0,2019-10-20 14:14:03.561,394,False,[],[],[],[]
585827,Riwa Gastro AG,Restaurant,"Very nice cafe, local „ethnic“ food is simple and very tasty! Gorgeous views ! Always a nice stopover, don’t forget to try deserts !!!",1,5.0,2019-10-20 11:43:09.172,44,False,"['cafe', 'ethnic “ food', 'views', 'deserts']","['Positive', 'Positive', 'Positive', 'Positive']","[0.9907, 0.9952, 0.9963, 0.9844]","[[2], [6, 7, 8], [16], [29]]"
585827,Riwa Gastro AG,Restaurant,"Sind als Motorradfahrer nicht willkommen gewesen. Wir waren zu sechst bekamen einen vierer Tisch, mit der Bemerkung, dann müssen wir halt zusammen rücken. Als wir aber auf andere freie Tische zeigten, waren diese auf einmal alle reserviert. Als meine Tochter mir sagte, wir könnten ja auch in ein anderes Restaurant gehen,  wurden wir von der Chefin in einem unfreundlichen Ton aufgefordert, doch lieber in ein anderes Restaurant zu gehen.
Das hatten wir noch nie erlebt.
Restaurant Waldegg nie mehr.",10,1.0,2019-10-20 09:22:37.797,132,False,[],[],[],[]
585827,Riwa Gastro AG,Restaurant,"Sehr unfreundlich
Tische seien nur für Gäste.

Ich bin doch ein Gast!",4,1.0,2019-10-20 09:20:31.477,20,False,['Tische'],['Negative'],[0.9808],[[2]]
585827,Riwa Gastro AG,Restaurant,Mega fein gegessen😊,0,5.0,2019-10-17 13:50:02.307,7,False,[],[],[],[]
585827,Riwa Gastro AG,Restaurant,Mega aussicht superschöne terassse,0,5.0,2019-10-17 11:02:52.757,10,False,"['aussicht', 'terassse']","['Positive', 'Positive']","[0.9983, 0.9982]","[[1], [3]]"
585827,Riwa Gastro AG,Restaurant,"Schöne Aussicht auf die Berge, verschiedenste Spezialitäten, Ambiente gefällt mir",0,4.0,2019-10-14 18:55:57.687,21,False,"['Aussicht', 'Spezialitäten', 'Ambiente']","['Positive', 'Positive', 'Positive']","[0.9985, 0.9985, 0.9985]","[[1], [7], [9]]"
585827,Riwa Gastro AG,Restaurant,"Freundliches Personal, tolles Essen und eine schöne Terasse.",0,5.0,2019-10-14 13:38:03.699,16,False,"['Personal', 'Essen', 'Terasse']","['Positive', 'Positive', 'Positive']","[0.9982, 0.9985, 0.9985]","[[1], [4], [8]]"
585827,Riwa Gastro AG,Restaurant,Immer supetz,0,4.0,2019-10-14 11:48:23.978,6,False,[],[],[],[]
585827,Riwa Gastro AG,Restaurant,Guets zmorge,0,5.0,2016-10-07 08:28:57.875,7,False,[],[],[],[]
585827,Riwa Gastro AG,Restaurant,Super feines Essen und sehr nette Bedienung!! Wir kommen wieder,0,5.0,2019-10-12 23:17:09.576,17,False,"['Essen', 'Bedienung']","['Positive', 'Positive']","[0.9985, 0.9986]","[[2], [6]]"
585827,Riwa Gastro AG,Restaurant,Flotte Bedienung sehr sauber,0,4.0,2019-10-07 17:01:51.784,10,False,['Bedienung'],['Positive'],[0.9984],[[1]]
585827,Riwa Gastro AG,Restaurant,"Immer sehr gut, super Bedienung, was willst Du mehr.",0,5.0,2019-10-06 12:34:21.605,18,False,['Bedienung'],['Positive'],[0.9987],[[5]]
585827,Riwa Gastro AG,Restaurant,"Serene,  clean and amazing restaurants.  Such a beautiful views with delicious food and drinks.

Food is very fresh here, try there breads and juices.

This place is huge, so waiting time is zero.
Parking is available and they also have a small section for fresh produce.

Service is fast and nice and staff is friendly and humble :)",0,5.0,2019-10-04 15:01:44.450,83,False,"['restaurants', 'views', 'food', 'drinks', 'Food', 'breads', 'waiting', 'Parking', 'Service', 'staff']","['Positive', 'Positive', 'Positive', 'Positive', 'Positive', 'Positive', 'Positive', 'Positive', 'Positive', 'Positive']","[0.9961, 0.9966, 0.9959, 0.9951, 0.9939, 0.9779, 0.7981, 0.842, 0.9822, 0.9834]","[[5], [10], [13], [15], [17], [25], [35], [40], [54], [60]]"
585827,Riwa Gastro AG,Restaurant,Eifach top,0,5.0,2019-10-03 13:32:16.784,5,False,[],[],[],[]
585827,Riwa Gastro AG,Restaurant,Das Essen schmeckt sehr gut,0,5.0,2019-10-02 07:24:11.994,9,False,['Essen'],['Positive'],[0.9979],[[1]]
585827,Riwa Gastro AG,Restaurant,Äußerst fantastisch sehr gutes Essen,0,5.0,2019-09-29 19:44:57.755,12,False,['Essen'],['Positive'],[0.9983],[[4]]
585827,Riwa Gastro AG,Restaurant,"Super Preis/Leistung, grosse Portionen, sehr nette Bedienung. Wir werden auf jeden Fall wieder kommen.",0,5.0,2019-09-17 10:42:02.351,27,False,"['Portionen', 'Bedienung']","['Positive', 'Positive']","[0.9987, 0.9986]","[[6], [10]]"
585827,Riwa Gastro AG,Restaurant,"Gediegener, freundlicher Service, Terrasse mit Blick auf den Zürisee, Glaner Alpen, reservieren von Vorteil",0,5.0,2019-09-14 19:26:11.961,30,False,"['Service', 'Terrasse']","['Positive', 'Positive']","[0.9834, 0.9712]","[[3], [5]]"
585827,Riwa Gastro AG,Restaurant,"Gemütliche und doch auch etwas gehobene Atmosphäre. Sehr gutes Essen, auch vegane Sachen sind zu haben.",0,5.0,2019-09-12 09:51:26.400,33,False,"['Atmosphäre', 'Essen']","['Positive', 'Positive']","[0.9062, 0.9639]","[[6], [10]]"
585827,Riwa Gastro AG,Restaurant,Sehr schönes Restaurant,0,4.0,2019-09-09 11:48:20.836,7,False,['Restaurant'],['Positive'],[0.998],[[2]]
585827,Riwa Gastro AG,Restaurant,"Praktisch auf der Durchfahrt über den Ricken, schöner Ort zum Ausruhen und feine Leckereien geniessen.",0,5.0,2019-09-09 05:34:35.231,29,False,"['Ort', 'Leckereien']","['Positive', 'Positive']","[0.9982, 0.9984]","[[9], [14]]"
585827,Riwa Gastro AG,Restaurant,Gute Küche und Freundliches Personal das seit Jahren,0,5.0,2019-09-07 11:42:27.528,12,False,"['Küche', 'Personal']","['Positive', 'Positive']","[0.9981, 0.9981]","[[1], [4]]"
585827,Riwa Gastro AG,Restaurant,"Sehr schönes Plätzchen, nette Bedienung und tolle Speisen. Da gehen wir gerne wieder hin",0,5.0,2019-09-01 16:44:20.294,29,False,"['Plätzchen', 'Bedienung', 'Speisen']","['Positive', 'Positive', 'Positive']","[0.9986, 0.9987, 0.9987]","[[2], [5], [8]]"
585827,Riwa Gastro AG,Restaurant,Seeehr fein,0,5.0,2019-09-01 15:01:16.548,5,False,[],[],[],[]
585827,Riwa Gastro AG,Restaurant,ไปทานอาหารกับเ,0,3.0,2019-08-28 08:17:43.932,8,False,[],[],[],[]
585827,Riwa Gastro AG,Restaurant,Very nice cheese salad. Friendly staff. Good view from restsurant.,0,3.0,2019-08-23 11:34:08.268,19,False,"['cheese salad', 'staff', 'view']","['Positive', 'Positive', 'Positive']","[0.998, 0.9965, 0.9942]","[[2, 3], [6], [9]]"
585827,Riwa Gastro AG,Restaurant,Great food and beautiful setting!,0,5.0,2019-08-22 11:35:56.542,8,False,"['food', 'setting']","['Positive', 'Positive']","[0.9979, 0.9979]","[[1], [4]]"
585827,Riwa Gastro AG,Restaurant,"Ristorante molto interesante.
Menü: molto buoni e curati
Auguri",0,4.0,2019-08-19 19:10:32.263,22,False,"['Ristorante', 'Menü']","['Positive', 'Positive']","[0.9978, 0.9981]","[[0], [4]]"
585827,Riwa Gastro AG,Restaurant,Nette Bedinung gutes Essen Schöne Aussicht.,0,5.0,2019-08-18 06:49:55.430,15,False,"['Bedinung', 'Essen', 'Aussicht']","['Positive', 'Positive', 'Positive']","[0.9961, 0.9982, 0.9984]","[[1], [3], [5]]"
585827,Riwa Gastro AG,Restaurant,"Freundlich, schnell und immer wieder ein Halt wert!",0,5.0,2019-08-17 08:17:25.299,14,False,['Halt'],['Positive'],[0.9986],[[7]]
585827,Riwa Gastro AG,Restaurant,"top Essen, sehr freundliches und kompetentes Personal und eine grandiose Aussicht",0,5.0,2019-08-16 10:46:30.944,20,False,"['Essen', 'Personal', 'Aussicht']","['Positive', 'Positive', 'Positive']","[0.9984, 0.9986, 0.9983]","[[1], [7], [11]]"
585827,Riwa Gastro AG,Restaurant,"Excellent place, we went for lunch and then for a hike nearby. Great food and good service.",0,5.0,2019-08-11 10:36:38.399,26,False,"['place', 'lunch', 'food', 'service']","['Positive', 'Neutral', 'Positive', 'Positive']","[0.8542, 0.8296, 0.9861, 0.9961]","[[1], [6], [15], [18]]"
585827,Riwa Gastro AG,Restaurant,Wie immer !!  Suuuper,0,5.0,2019-08-11 17:23:04.187,9,False,[],[],[],[]
585827,Riwa Gastro AG,Restaurant,"War sehr nett, grosses & feines Hausgemachtes Angebot. Nette & schnelle Bedienung. Gerne wieder 🙂",0,5.0,2019-08-09 09:06:10.666,31,False,"['Angebot', 'Bedienung']","['Positive', 'Positive']","[0.9985, 0.9972]","[[8], [13]]"
585827,Riwa Gastro AG,Restaurant,"Tolle Aussicht, sehr gutes Essen. Preis Leistung stimmt. Reservation empfohlen.",0,4.0,2019-08-04 17:09:28.139,23,False,"['Aussicht', 'Essen']","['Positive', 'Positive']","[0.9976, 0.9806]","[[1], [5]]"
585827,Riwa Gastro AG,Restaurant,"Very nice mountain vista and excellent service with great food and nice people. We visited twice so far, there be more visits!",0,5.0,2019-08-03 16:59:33.958,32,False,"['vista', 'service', 'food', 'people']","['Positive', 'Positive', 'Positive', 'Positive']","[0.9982, 0.9983, 0.9984, 0.9985]","[[3], [6], [9], [12]]"
585827,Riwa Gastro AG,Restaurant,"Sehr empfehlenswert ist ein muss,sehr fein hoch lecker 💖",0,5.0,2019-08-02 12:52:12.712,18,False,[],[],[],[]
585827,Riwa Gastro AG,Restaurant,Gute Lage,0,5.0,2019-08-01 20:51:37.819,4,False,['Lage'],['Positive'],[0.9958],[[1]]
585827,Riwa Gastro AG,Restaurant,Hier kann man gut Essen. Der Ausblick Ist grandiose. Der Service Ist top. Der Preis ist ein wenig hoch aber dafür stimmt die Qualität. Gerne wieder,0,4.0,2019-07-31 05:13:04.403,38,False,"['Essen', 'Ausblick', 'Service']","['Positive', 'Positive', 'Positive']","[0.9964, 0.9972, 0.9864]","[[4], [7], [12]]"
585827,Riwa Gastro AG,Restaurant,"Super Aussicht, super Essen, super Location.",0,5.0,2019-07-30 20:24:33.751,12,False,"['Aussicht', 'Essen', 'Location']","['Positive', 'Positive', 'Positive']","[0.9984, 0.9984, 0.9984]","[[1], [4], [7]]"
585827,Riwa Gastro AG,Restaurant,Sehr empfehlenswert,0,5.0,2019-07-29 19:52:04.185,7,False,[],[],[],[]
585827,Riwa Gastro AG,Restaurant,"Schöne Terasse, nettes, aufmerksames Personsl, feines Essen - es hat gepasst, wir kommen wieder ☺",0,4.0,2019-07-29 15:17:23.235,33,False,"['Terasse', 'Personsl', 'Essen']","['Positive', 'Positive', 'Positive']","[0.9977, 0.9985, 0.9982]","[[3], [8], [11]]"
585827,Riwa Gastro AG,Restaurant,"Hervorragender Service, schöne Terrasse. Essen und Trinken gut, faire Preise.",0,5.0,2019-07-29 10:21:06.022,23,False,"['Service', 'Terrasse', 'Essen', 'Trinken']","['Positive', 'Positive', 'Positive', 'Positive']","[0.9978, 0.9951, 0.9891, 0.9836]","[[1], [4], [6], [8]]"
585827,Riwa Gastro AG,Restaurant,"Mehr als einfach ein Ausflugsrestaurant! Gepflegte, ausgezeichnete Gastronomie unter hervorragender Leitung. Gepflegte, gastfreundliche Bedienung, ob Essen oder einfach einen Kaffee. Sehr abwechslungsreiche Karte, mit Hinweisen wie für z.B. Diabetiker geeignete Glace (Erdbeer). Bestes Preis-Leistungsverhältnis! Grosse Terrasse mit schöner Aussicht. Parkplätze beidseitig der Rickenstrasse (Vorsicht bei deren Überqueren als Fussgänger). Ein Parkplatz für E-Mobile mit Ladestation bei Parkfeld Seite Restaurant vorhanden! Kinderspielplatz. Für Mittag- und Abendessen Reservation empfohlen. Kleiner Marktstand eines Bauernbetriebes der Umgebung in Selbstbedienung im Aussen-Eingangsbereich. Kommen immer gerne wieder!",0,5.0,2019-07-28 09:48:25.844,180,False,[],[],[],[]
585827,Riwa Gastro AG,Restaurant,Super Preisleistungsverhältnis und megafreundliche Personal ! 👍😉👏🍺,0,5.0,2019-07-27 11:16:09.745,18,False,"['Preisleistungsverhältnis', 'Personal']","['Positive', 'Positive']","[0.9985, 0.9987]","[[1], [4]]"
585827,Riwa Gastro AG,Restaurant,"always busy and for good reason. Good food, nice balcony and big ice creams!",0,4.0,2019-07-25 05:45:14.353,24,False,"['food', 'balcony', 'ice creams']","['Positive', 'Positive', 'Positive']","[0.9949, 0.9458, 0.9354]","[[8], [11], [14, 15]]"
585827,Riwa Gastro AG,Restaurant,"Nett und locker wie immer, vor allem bei dem Wetter auf der Terrasse. Essen Super. Bedienung Super. Bis demnächst im Waldegg.",1,5.0,2019-06-28 20:58:10.486,34,False,"['Terrasse', 'Essen', 'Bedienung']","['Positive', 'Positive', 'Positive']","[0.84, 0.946, 0.998]","[[13], [15], [18]]"
585827,Riwa Gastro AG,Restaurant,Es ist ein schönes rest aber sehr voll .und selten ein Platz,0,5.0,2019-07-21 17:56:18.623,19,False,"['rest', 'Platz']","['Positive', 'Positive']","[0.7605, 0.5777]","[[4], [12]]"
585827,Riwa Gastro AG,Restaurant,Super gegessen und äusserst nette Bedienung. Gerne immer wieder.,0,5.0,2019-07-20 18:07:13.257,20,False,['Bedienung'],['Positive'],[0.9987],[[5]]
585827,Riwa Gastro AG,Restaurant,Immer sehr zufrieden. Sehr feines Essen. Gutes Preis-/Leistungsverhältnis.,0,5.0,2019-07-18 18:04:18.499,23,False,['Essen'],['Positive'],[0.9984],[[6]]
585827,Riwa Gastro AG,Restaurant,Super leckeres Essen und eine fabelhafte Aussicht auf der Terrasse. Wir kommen sehr gerne wieder.,0,5.0,2019-07-18 09:38:36.738,26,False,"['Essen', 'Aussicht', 'Terrasse']","['Positive', 'Positive', 'Positive']","[0.9986, 0.9988, 0.9984]","[[2], [6], [9]]"
585827,Riwa Gastro AG,Restaurant,Fine !!,0,5.0,2019-07-17 10:46:00.024,5,False,[],[],[],[]
585827,Riwa Gastro AG,Restaurant,Super Mittagsmenue. PREIS/Leistung= Top.,0,5.0,2019-07-14 19:57:11.367,15,False,['Mittagsmenue'],['Positive'],[0.9985],[[1]]
585827,Riwa Gastro AG,Restaurant,"Schönes Restaurant in schöner Lage. Personal sehr freundlich, das Essen sehr lecker, die normale Portion wurde bei 6 Personen nur von 1 geschafft, sind also seehr großzügig. Wir waren definitiv nicht das letzte Mal dort. :)",0,5.0,2019-07-14 19:26:31.267,60,False,"['Restaurant', 'Lage', 'Personal', 'Essen', 'Portion']","['Positive', 'Positive', 'Positive', 'Positive', 'Positive']","[0.9978, 0.9978, 0.9977, 0.9948, 0.976]","[[1], [4], [6], [11], [17]]"
585827,Riwa Gastro AG,Restaurant,Immer sehr fein,0,5.0,2019-05-26 08:15:03.929,7,False,[],[],[],[]
585827,Riwa Gastro AG,Restaurant,Eifach super .,0,5.0,2019-02-13 15:40:51.569,7,False,[],[],[],[]
585827,Riwa Gastro AG,Restaurant,"Die meisten Tische waren Reserviert, Platzsuche gestaltete sich also schwierig. Kuchen und Torten waren alle ausgegangen. Das was wir bekammen war alles auf einem Teller zusammengepfercht so Kioskmässig. Packungen liessen sich kaum bis gar nicht öffnen. Service war schlecht! Es wurde uns einfach auf den Tisch geknallt! Kaffee war so lala... So schnell werde ich diese Restaurant nicht mehr besuchen!",9,1.0,2019-07-07 16:56:27.838,103,False,"['Platzsuche', 'Kuchen', 'Service', 'Kaffee']","['Negative', 'Negative', 'Negative', 'Negative']","[0.9915, 0.9931, 0.9857, 0.9902]","[[6], [12], [41], [54]]"
585827,Riwa Gastro AG,Restaurant,Tolle aussicht auf den oberen zuerichsee.,0,4.0,2019-07-06 09:08:21.776,16,False,['aussicht'],['Positive'],[0.998],[[1]]
585827,Riwa Gastro AG,Restaurant,Der Kinderspielplatz müsste beschattet sein.,0,4.0,2019-07-06 00:35:58.634,13,False,['Kinderspielplatz'],['Negative'],[0.9825],[[1]]
585827,Riwa Gastro AG,Restaurant,Sehr schönes Restaurant super Bedienung sehr empfehlenswert,0,5.0,2019-07-04 09:40:36.708,15,False,"['Restaurant', 'Bedienung']","['Positive', 'Positive']","[0.9985, 0.9986]","[[2], [4]]"
585827,Riwa Gastro AG,Restaurant,Sehr feines Essen. Und Dessert mega fein. Mega Aussicht😋,0,5.0,2019-07-01 15:47:32.857,18,False,"['Essen', 'Dessert', 'Aussicht😋']","['Positive', 'Positive', 'Positive']","[0.9979, 0.9981, 0.9983]","[[2], [5], [10]]"
585827,Riwa Gastro AG,Restaurant,Ein sehr schöner Ort mega gute Glace,0,4.0,2019-06-24 10:06:41.346,13,False,"['Ort', 'Glace']","['Positive', 'Positive']","[0.9982, 0.9985]","[[3], [6]]"
585827,Riwa Gastro AG,Restaurant,Alle Gäste sind zufrieden. Für den kleinen Hunger bestellen Sie ein Schinkeneingeklemmtes. Die sind super🤣,0,5.0,2019-06-24 09:20:10.597,29,False,['Schinkeneingeklemmtes'],['Positive'],[0.9978],[[12]]
585827,Riwa Gastro AG,Restaurant,"Gutes Essen, schönes Ambiente und sehr kinderfreundlich.",0,5.0,2019-06-23 08:58:25.453,16,False,"['Essen', 'Ambiente']","['Positive', 'Positive']","[0.9985, 0.9987]","[[1], [4]]"
585827,Riwa Gastro AG,Restaurant,LECKER !!,0,5.0,2019-06-22 14:20:27.585,6,False,[],[],[],[]
585827,Riwa Gastro AG,Restaurant,"Sehr gutes Essen, freundliches und aufmerksames Servicepersonal, super Aussicht, wir kommen immer wieder gerne ins Waldegg, man fühlt sich sehr wohl.",0,5.0,2019-06-21 19:05:22.837,43,False,"['Essen', 'Servicepersonal', 'Aussicht']","['Positive', 'Positive', 'Positive']","[0.9985, 0.9988, 0.9988]","[[2], [7], [10]]"
585827,Riwa Gastro AG,Restaurant,"Tolle Aussicht, modern, freundliches Personal.",0,4.0,2019-06-20 11:35:36.097,14,False,"['Aussicht', 'Personal']","['Positive', 'Positive']","[0.9986, 0.9983]","[[1], [6]]"
585827,Riwa Gastro AG,Restaurant,Feines frisch zubereitetes Essen. Freundliche & schnelle Bedienung. Zudem hat man auf der Terasse eine schöne Aussicht. Wer Regionales Essen liebt ist hier genau richtig. Typisch schweizerische Speisen.,0,5.0,2019-06-19 19:47:13.999,56,False,"['Essen', 'Bedienung', 'Terasse', 'Aussicht']","['Positive', 'Positive', 'Positive', 'Positive']","[0.9977, 0.9977, 0.9958, 0.9798]","[[3], [8], [15], [18]]"
585827,Riwa Gastro AG,Restaurant,Schönes Restaurant super Bedienung feines Essen.,0,5.0,2019-06-17 14:58:47.808,12,False,"['Restaurant', 'Bedienung', 'Essen']","['Positive', 'Positive', 'Positive']","[0.998, 0.9983, 0.9982]","[[1], [3], [5]]"
585827,Riwa Gastro AG,Restaurant,Super fein und sehr freundlich,0,5.0,2019-06-17 13:32:51.741,9,False,[],[],[],[]
585827,Riwa Gastro AG,Restaurant,"Gutes Essen, tolle Aussicht, kalte Atmosphäre",0,4.0,2019-06-16 20:07:28.808,15,False,"['Essen', 'Aussicht', 'Atmosphäre']","['Positive', 'Positive', 'Positive']","[0.9975, 0.8846, 0.5892]","[[1], [4], [7]]"
585827,Riwa Gastro AG,Restaurant,"Wunderbare Aussicht , gutes Essen und freundlicher Service. Ist einen Ausflug wert.",0,5.0,2019-06-16 13:28:35.052,24,False,"['Aussicht', 'Essen', 'Service']","['Positive', 'Positive', 'Positive']","[0.9987, 0.9986, 0.9986]","[[1], [4], [7]]"
585827,Riwa Gastro AG,Restaurant,Ein eimalg schönes Restaurant. Auf der Terrasse geniesst man die wunderschöne Aussicht auf den Zürichsee. Die Speisekarte ist vielfältig und der Service tadellos. Wir kommen gerne wieder,0,4.0,2019-06-15 10:39:19.406,47,False,"['Restaurant', 'Terrasse', 'Speisekarte', 'Service']","['Positive', 'Positive', 'Positive', 'Positive']","[0.9962, 0.9959, 0.9978, 0.9963]","[[3], [7], [18], [23]]"
585827,Riwa Gastro AG,Restaurant,Feine Menuauswahl bei toller Sicht!,0,5.0,2019-06-14 20:29:31.429,12,False,"['Menuauswahl', 'Sicht']","['Positive', 'Positive']","[0.9983, 0.9982]","[[1], [4]]"
585827,Riwa Gastro AG,Restaurant,"Sehr fein gegessen, wunderschöne Aussicht.",0,5.0,2019-06-11 12:19:34.109,13,False,['Aussicht'],['Positive'],[0.9984],[[5]]
585827,Riwa Gastro AG,Restaurant,"Sehr feines Essen, regionale Produkteund schöne Aussicht.",0,5.0,2019-06-10 13:11:14.093,17,False,"['Essen', 'Produkteund', 'Aussicht']","['Positive', 'Positive', 'Positive']","[0.9978, 0.9981, 0.9983]","[[2], [5], [7]]"
585827,Riwa Gastro AG,Restaurant,Great taste very friendly staff,0,5.0,2019-06-04 16:53:52.624,8,False,"['taste', 'staff']","['Positive', 'Positive']","[0.9973, 0.9977]","[[1], [4]]"
585827,Riwa Gastro AG,Restaurant,"Coole Location, Terrasse mit teilweise Sicht auf den See oder ins's Grüne. Wegen der angrenzenden Strasse etwas unruhig.",0,4.0,2019-06-09 06:22:17.174,38,False,"['Location', 'Terrasse']","['Positive', 'Positive']","[0.828, 0.7863]","[[1], [3]]"
585827,Riwa Gastro AG,Restaurant,Tolles Essen... 2 junge Serviereringen... Korrekt... Aber man könnte auch freundlicher sein...,0,4.0,2019-06-08 21:21:57.952,28,False,"['Essen', 'Serviereringen']","['Positive', 'Neutral']","[0.927, 0.5924]","[[1], [7]]"
585827,Riwa Gastro AG,Restaurant,Sehr gutes Restaurant stimmt alles.,0,5.0,2019-06-07 14:30:07.783,11,False,['Restaurant'],['Positive'],[0.9976],[[2]]
585827,Riwa Gastro AG,Restaurant,"Tolles Lokal, Nette,aufmerksame Betreuung. Super Panorama.",0,5.0,2019-06-04 08:16:25.894,17,False,"['Lokal', 'Betreuung', 'Panorama']","['Positive', 'Positive', 'Positive']","[0.998, 0.9982, 0.9982]","[[1], [6], [9]]"
585827,Riwa Gastro AG,Restaurant,Schöne aussicht,0,5.0,2019-06-03 10:26:48.131,7,False,['aussicht'],['Positive'],[0.9981],[[1]]
585827,Riwa Gastro AG,Restaurant,"Schöne Aussicht, flinker Service. Herrliche Terrasse.",0,5.0,2019-06-03 07:12:50.243,15,False,"['Aussicht', 'Service', 'Terrasse']","['Positive', 'Positive', 'Positive']","[0.9443, 0.7768, 0.9646]","[[1], [4], [7]]"
585827,Riwa Gastro AG,Restaurant,"Tolle Aussicht, super Bedienung und sehr lecker gegessen",0,5.0,2019-06-03 05:11:08.234,17,False,"['Aussicht', 'Bedienung']","['Positive', 'Positive']","[0.9986, 0.9987]","[[1], [4]]"
585827,Riwa Gastro AG,Restaurant,Tolle Aussicht. Sehr Familienfreundlich hat eine Spielecke für Kinder drinnen und drausen einen Spielplatz👍👍,0,5.0,2019-05-31 22:18:49.221,29,False,"['Aussicht', 'Spielecke']","['Positive', 'Positive']","[0.998, 0.959]","[[1], [7]]"
585827,Riwa Gastro AG,Restaurant,War super es hat sogar eine 11 kW Ladestation. Für ein Auto,0,5.0,2018-02-04 14:29:39.262,17,False,['Ladestation'],['Positive'],[0.9938],[[8]]
585827,Riwa Gastro AG,Restaurant,Sehr fein,0,4.0,2019-05-24 05:30:14.759,5,False,[],[],[],[]
585827,Riwa Gastro AG,Restaurant,"Sehr empfehlenswert, gehobene Küche, nettes Personal und schöne Aussicht",0,5.0,2019-05-20 04:36:50.006,20,False,"['Küche', 'Personal', 'Aussicht']","['Positive', 'Positive', 'Positive']","[0.9986, 0.9985, 0.9968]","[[4], [7], [10]]"
585827,Riwa Gastro AG,Restaurant,Immer sehr feines Essen und top Bedienung. Danke!,0,5.0,2019-05-17 13:48:50.595,17,False,"['Essen', 'Bedienung']","['Positive', 'Positive']","[0.9985, 0.9987]","[[3], [6]]"
585827,Riwa Gastro AG,Restaurant,"Alles top frisch, cordonbleu leider furztrocken obwohl vom nierstück. Personal ist freundlich aber leider sehr unaufmerksam.",2,2.0,2019-05-16 19:10:21.465,37,False,"['cordonbleu', 'Personal']","['Negative', 'Positive']","[0.8517, 0.6157]","[[4], [11]]"
585827,Riwa Gastro AG,Restaurant,"Persönliche Meinung:
Wunderschöne Einrichtung, freundliches Personal aber das Essen könnte besser sein. Fleisch war zu fest gebraten und trocken. Das Gemüse schreit richtig nach mehr ideen und Einzigartigkeit. Ihre Salatsauce ist meiner Meinung überbewertet und nichts  besonderes. Da gibt es wirklich besseres.",3,2.0,2019-05-12 16:29:05.074,80,False,"['Einrichtung', 'Personal', 'Essen', 'Fleisch', 'Gemüse', 'Salatsauce']","['Positive', 'Positive', 'Negative', 'Negative', 'Negative', 'Negative']","[0.9529, 0.6379, 0.7628, 0.9721, 0.9675, 0.9224]","[[4], [7], [10], [15], [24], [34]]"
585827,Riwa Gastro AG,Restaurant,Schöne Ambiente tolle Aussicht und ausgezeichnets Essen schön angerichtet,0,4.0,2019-05-12 12:51:26.041,19,False,"['Ambiente', 'Aussicht', 'Essen']","['Positive', 'Positive', 'Positive']","[0.9985, 0.9986, 0.9984]","[[1], [3], [6]]"
585827,Riwa Gastro AG,Restaurant,"Le cadre est agréable,  le personnel souriant et sympathique. Les assiettes sont de bonne présentation et de qualité. Ce petit restaurant vaut le détour si vous êtes dans les parages.",0,4.0,2019-05-11 15:09:28.146,51,False,"['cadre', 'personnel', 'assiettes', 'restaurant']","['Positive', 'Positive', 'Positive', 'Positive']","[0.9981, 0.998, 0.9978, 0.9981]","[[1], [6], [12], [23]]"
585827,Riwa Gastro AG,Restaurant,Smoothie und Spargelgericht war ein Traum!,0,5.0,2019-05-06 07:41:07.951,12,False,"['Smoothie', 'Spargelgericht']","['Positive', 'Positive']","[0.9976, 0.998]","[[0], [2]]"
585827,Riwa Gastro AG,Restaurant,Auf unserem Weg ins Toggenburg immer wieder. Gute und freundliche Bedienung.,1,5.0,2019-05-04 18:06:21.309,21,False,['Bedienung'],['Positive'],[0.9986],[[11]]
585827,Riwa Gastro AG,Restaurant,"wie immer
wältklass",0,5.0,2018-11-25 14:51:25.290,7,False,[],[],[],[]
585827,Riwa Gastro AG,Restaurant,"Top Aussicht, sowie Essen einwandfrei 🍽️👍",0,5.0,2019-05-01 15:55:05.227,17,False,"['Aussicht', 'Essen']","['Positive', 'Positive']","[0.9984, 0.9984]","[[1], [4]]"
585827,Riwa Gastro AG,Restaurant,"Immer gut und freundlich. Sicher nicht die günstigsten, dafür alles lokale Produkte und frisch gekocht. Am Abend ist jeweils eine Reservation zu empfehlen.",0,5.0,2019-04-23 20:30:56.283,40,False,['Produkte'],['Positive'],[0.7743],[[13]]
585827,Riwa Gastro AG,Restaurant,Ist einfach einmalig schön und gut,0,5.0,2018-07-18 20:30:16.804,10,False,[],[],[],[]
585827,Riwa Gastro AG,Restaurant,Good food with a just simply awesome view!,0,5.0,2019-04-19 12:33:41.494,13,False,"['food', 'view']","['Positive', 'Positive']","[0.9965, 0.997]","[[1], [7]]"
585827,Riwa Gastro AG,Restaurant,"Wie immer, supergut und feini feini!👌😁",0,5.0,2019-01-13 18:08:47.625,15,False,[],[],[],[]
585827,Riwa Gastro AG,Restaurant,Super sehr zu empfelen,0,5.0,2019-04-09 17:43:48.697,8,False,[],[],[],[]
585827,Riwa Gastro AG,Restaurant,Super Speiserestaurant von einfach bis gehoben. Es werden nur frisch zubereitete Sachen serviert,0,5.0,2019-04-07 12:11:11.210,25,False,"['Speiserestaurant', 'Sachen']","['Positive', 'Positive']","[0.9976, 0.9965]","[[1], [12]]"
585827,Riwa Gastro AG,Restaurant,Sehr feines Essen und eine coolen Spielecke leider die gleiche Menukarte seit langem.,0,4.0,2019-04-06 18:22:57.677,24,False,"['Essen', 'Spielecke', 'Menukarte']","['Positive', 'Positive', 'Negative']","[0.9972, 0.9883, 0.9028]","[[2], [6], [10]]"
585827,Riwa Gastro AG,Restaurant,Top Essen,0,5.0,2019-04-04 15:53:36.083,4,False,['Essen'],['Positive'],[0.9962],[[1]]
585827,Riwa Gastro AG,Restaurant,Sehr gutes Restaurant gute Speisekarte und flotte Bedienung. 😃😃.,0,5.0,2019-04-04 14:28:39.236,22,False,"['Restaurant', 'Speisekarte', 'Bedienung']","['Positive', 'Positive', 'Positive']","[0.9985, 0.9987, 0.9987]","[[2], [4], [7]]"
585827,Riwa Gastro AG,Restaurant,"Lecketes Essen ,super Spielecken ,freundliche Bedienung und ganz genial selbstgemachte Produkte zu Kaufen !!",0,5.0,2019-04-03 13:13:02.194,29,False,"['Essen', 'Spielecken', 'Bedienung', 'Produkte']","['Positive', 'Positive', 'Positive', 'Positive']","[0.9968, 0.9984, 0.9986, 0.9983]","[[1], [4], [7], [12]]"
585827,Riwa Gastro AG,Restaurant,Super,0,5.0,2019-04-03 12:35:30.821,3,False,[],[],[],[]
585827,Riwa Gastro AG,Restaurant,Immer wieder gerne,0,5.0,2019-04-01 18:42:52.539,7,False,[],[],[],[]
585827,Riwa Gastro AG,Restaurant,Immer wieder Gut!,0,5.0,2018-09-08 13:56:48.990,7,False,[],[],[],[]
585827,Riwa Gastro AG,Restaurant,Super 👌,0,5.0,2018-12-20 14:01:54.353,5,False,[],[],[],[]
585827,Riwa Gastro AG,Restaurant,Sehr Freundliche und schnelle Bedienung sowie sehr gutes Essen,0,5.0,2019-03-27 04:35:03.526,20,False,"['Bedienung', 'Essen']","['Positive', 'Positive']","[0.9986, 0.996]","[[4], [8]]"
585827,Riwa Gastro AG,Restaurant,"Sehr freundliches Personal, schöne Aussichtslage, leider das Speiseangebot vorallem bei der Vorspeise sehr begrenzt.",0,4.0,2019-03-24 18:04:26.890,35,False,"['Personal', 'Aussichtslage', 'Speiseangebot']","['Positive', 'Positive', 'Negative']","[0.9963, 0.9785, 0.9518]","[[2], [5], [9]]"
585827,Riwa Gastro AG,Restaurant,Einfach immer wieder bemerkenswert gut,0,5.0,2019-03-22 14:07:15.258,10,False,[],[],[],[]
585827,Riwa Gastro AG,Restaurant,Ok,0,5.0,2019-03-22 10:57:49.551,3,False,[],[],[],[]
585827,Riwa Gastro AG,Restaurant,Sehr freundlicher Service! Lecker Essen und super SoftEis😊und das ganze auf der grossen Sonnenterrasse mit schönem Ausblick.,0,5.0,2019-03-22 08:00:35.319,35,False,"['Service', 'Essen', 'Sonnenterrasse', 'Ausblick']","['Positive', 'Positive', 'Positive', 'Positive']","[0.998, 0.9981, 0.9941, 0.9814]","[[2], [5], [14], [17]]"
585827,Riwa Gastro AG,Restaurant,"Grosse Auswahl an Speisen und lokalen Spezialitäten, Verkauf einheimischer Produkte. Freundliche Bedienung, guter Service, Preise an der oberen Grenze",0,4.0,2019-03-21 11:33:45.263,39,False,"['Speisen', 'Bedienung', 'Service', 'Preise']","['Positive', 'Positive', 'Positive', 'Positive']","[0.9878, 0.8999, 0.7927, 0.7794]","[[3], [13], [16], [18]]"
585827,Riwa Gastro AG,Restaurant,Die beschtä Soft Glace Cup,0,5.0,2019-03-21 05:52:00.200,9,False,['Cup'],['Positive'],[0.7536],[[4]]
585827,Riwa Gastro AG,Restaurant,Herrlich auch bei Regen!,0,5.0,2019-03-15 10:56:22.605,9,False,[],[],[],[]
585827,Riwa Gastro AG,Restaurant,Immer wieder gerne mal was feins Essen,0,4.0,2019-03-08 12:55:33.756,12,False,['Essen'],['Positive'],[0.9979],[[6]]
585827,Riwa Gastro AG,Restaurant,"Waren schon oft da und nie enttäuscht.
Immer super Angebot und perfekte Qualität.
Bitte weiter so. Danke!",0,5.0,2019-03-07 15:28:47.561,30,False,"['Angebot', 'Qualität']","['Positive', 'Positive']","[0.9986, 0.9986]","[[10], [13]]"
585827,Riwa Gastro AG,Restaurant,"Sehr enttäuschend. Recht übles Zeug , zu einem recht überrissenen Preis!",3,2.0,2019-03-05 07:38:13.379,25,False,"['Zeug', 'Preis']","['Negative', 'Negative']","[0.9931, 0.9614]","[[5], [11]]"
585827,Riwa Gastro AG,Restaurant,"Gutes, sehr gediegenes Ausflugsrestaurant.  Feines Essen, freundliches Personal. Gehobene Preisklasse. Rollstuhlgängig.",0,4.0,2019-02-24 16:03:48.159,35,False,"['Essen', 'Personal']","['Positive', 'Positive']","[0.9908, 0.9442]","[[7], [10]]"
585827,Riwa Gastro AG,Restaurant,"Hatte alles superlecker geschmeckt.
Und die Bedienung war sehr Freundlich.
Und mit viel  Lachen im Gesicht.",0,5.0,2019-02-21 21:05:37.655,30,False,['Bedienung'],['Positive'],[0.9982],[[7]]
585827,Riwa Gastro AG,Restaurant,"Speisen sind sehr lecker. Fleisch auf den Punkt gebraten.
Salate frisch, Portionen groß.
Personal sehr freundlich.
Aussicht fantastisch.
Viele Parkplätze.
Toller, integrierter Shop.
Preise relativ hoch, aufgrund der gelieferten Qualität aber in Ordnung.",0,4.0,2019-02-20 07:54:58.225,66,False,"['Speisen', 'Fleisch', 'Salate', 'Portionen', 'Personal', 'Aussicht', 'Preise']","['Positive', 'Positive', 'Positive', 'Positive', 'Positive', 'Positive', 'Positive']","[0.9836, 0.9834, 0.995, 0.9963, 0.9955, 0.9906, 0.991]","[[0], [5], [11], [14], [17], [21], [32]]"
585827,Riwa Gastro AG,Restaurant,Sehr sehr fein zum Essen  !!,0,4.0,2019-02-14 19:39:44.074,11,False,['Essen'],['Positive'],[0.9981],[[4]]
585827,Riwa Gastro AG,Restaurant,"Nettes Ambiente, freundliches Personal und gutes Essen.",0,5.0,2019-02-14 09:25:57.737,16,False,"['Ambiente', 'Personal', 'Essen']","['Positive', 'Positive', 'Positive']","[0.9983, 0.9984, 0.9983]","[[1], [4], [7]]"
585827,Riwa Gastro AG,Restaurant,"gutes essen, freundliche mitarbeiter",0,4.0,2019-02-11 14:41:05.113,10,False,"['essen', 'mitarbeiter']","['Positive', 'Positive']","[0.9981, 0.9984]","[[1], [4]]"
585827,Riwa Gastro AG,Restaurant,"Mit abstand eines der besten Restaurant in der Region.
Sehr nettes Personal & sehr geiles essen!
Nur zu Empfehlen !",0,5.0,2019-02-10 14:11:06.872,33,False,"['Restaurant', 'Personal', 'essen']","['Positive', 'Positive', 'Positive']","[0.9985, 0.9987, 0.9983]","[[5], [12], [16]]"
585827,Riwa Gastro AG,Restaurant,"flotte Bedienung, grosse Portionen zu einem favorablen Preis, leckeres Essen, alles sehr sauber - immer wieder gerne",0,5.0,2019-02-03 13:30:34.163,35,False,"['Bedienung', 'Portionen', 'Preis', 'Essen']","['Positive', 'Positive', 'Positive', 'Positive']","[0.9983, 0.9983, 0.9983, 0.9973]","[[1], [4], [8], [11]]"
585827,Riwa Gastro AG,Restaurant,"🤗immer eine Reise wert, Essen hervorragend,freundliche Bedienung... sehr sauber 👍",1,5.0,2019-02-01 16:56:58.179,23,False,"['Essen', 'Bedienung']","['Positive', 'Positive']","[0.9987, 0.9988]","[[5], [9]]"
585827,Riwa Gastro AG,Restaurant,Ein feiner Kaffee bei einem Kurzhalt beim Restaurant Waldegg mit sehr freundlicher Bedienung.,0,5.0,2019-02-01 15:21:58.616,25,False,"['Kaffee', 'Bedienung']","['Positive', 'Positive']","[0.7233, 0.9963]","[[2], [12]]"
585827,Riwa Gastro AG,Restaurant,Super feines Essen und zuvorkommende Bedingungen,0,5.0,2019-01-28 18:54:41.129,12,False,"['Essen', 'Bedingungen']","['Positive', 'Positive']","[0.9981, 0.9982]","[[2], [5]]"
585827,Riwa Gastro AG,Restaurant,"Freundlicher Empfang, kompetente Bedienung, feines Essen, Preis-Leistung stimmt,schönes, helles Lokal",0,4.0,2019-01-27 15:40:50.601,28,False,"['Empfang', 'Bedienung', 'Essen', 'Lokal']","['Positive', 'Positive', 'Positive', 'Positive']","[0.9982, 0.998, 0.9976, 0.9733]","[[1], [4], [7], [17]]"
585827,Riwa Gastro AG,Restaurant,Gutes preisleistungsverhältnis. Guter service,0,5.0,2017-07-16 18:07:43.183,12,False,['service'],['Positive'],[0.9982],[[4]]
585827,Riwa Gastro AG,Restaurant,"Lecker, frische Brötchen, leider etwas teurt",0,4.0,2019-01-20 19:36:53.274,20,False,['Brötchen'],['Positive'],[0.9849],[[3]]
585827,Riwa Gastro AG,Restaurant,Freundliche Bedienung gut gegessen sehr gute Glace,0,3.0,2019-01-20 17:03:54.753,15,False,"['Bedienung', 'Glace']","['Positive', 'Positive']","[0.9983, 0.9984]","[[1], [6]]"
585827,Riwa Gastro AG,Restaurant,"Sehr gutes Essen, tolle Bedienung. Kurze Wartezeiten.",0,5.0,2018-06-29 16:15:04.657,19,False,"['Essen', 'Bedienung', 'Wartezeiten']","['Positive', 'Positive', 'Positive']","[0.998, 0.9914, 0.9558]","[[2], [5], [8]]"
585827,Riwa Gastro AG,Restaurant,"sehr schönes Restaurant mit Panoramafenster und Terrasse, Sonnige Lage, grosser Parkplatz, Wandergebiet, feines Essen, Hit Waldheim-Salatsauce",1,5.0,2019-01-16 19:37:00.603,36,False,"['Restaurant', 'Terrasse', 'Lage', 'Parkplatz', 'Essen', '- Salatsauce']","['Positive', 'Positive', 'Positive', 'Positive', 'Positive', 'Positive']","[0.9976, 0.9968, 0.9956, 0.9957, 0.9831, 0.9861]","[[2], [6], [9], [12], [17], [21, 22]]"
585827,Riwa Gastro AG,Restaurant,"Sehr gutes Essen. Gute Auswahl. Für Vegetarier geeignet.  Freundliches und aufmerksames Personal. Helles, sauberes, modernes Ambiente. Sehr empfehlenswert.",0,5.0,2019-01-16 12:50:00.529,45,False,"['Essen', 'Personal', 'Ambiente']","['Positive', 'Positive', 'Positive']","[0.998, 0.9977, 0.998]","[[2], [14], [21]]"
585827,Riwa Gastro AG,Restaurant,gut aber nicht gerade günstig,0,4.0,2019-01-14 05:53:23.148,9,False,[],[],[],[]
585827,Riwa Gastro AG,Restaurant,Gut und schnell,0,4.0,2019-01-11 13:19:40.678,6,False,[],[],[],[]
585827,Riwa Gastro AG,Restaurant,Einfach Supper.,0,5.0,2017-10-09 11:01:34.674,7,False,[],[],[],[]
585827,Riwa Gastro AG,Restaurant,Das Essen wieso der Service waren hervorragend. Einen Stern Abzug gibt es da die  Auswahl an verschiedenen Speisen sehr gering war. Wir kommen gerne wieder:),0,4.0,2019-01-05 13:54:34.299,46,False,"['Essen', 'Service', 'Speisen']","['Positive', 'Positive', 'Negative']","[0.9751, 0.9877, 0.774]","[[1], [4], [18]]"
585827,Riwa Gastro AG,Restaurant,"Das Restaurant Waldegg überzeugt durch tolles Ambiente und sehr gutem Essen zu vernünftigem Preis. Die Portionen sind gross und ich kann das Restaurant jedem weiterempfehlen. Auf jedenfall muss beim Besuch ein Salat bestellt werden, da die hauseigene Salatsauce einfach überragend ist!",1,5.0,2019-01-02 20:53:24.768,67,False,"['Restaurant', 'Ambiente', 'Essen', 'Portionen', 'Salatsauce']","['Positive', 'Positive', 'Positive', 'Positive', 'Positive']","[0.9958, 0.9724, 0.9401, 0.9742, 0.9974]","[[1], [6], [10], [16], [40]]"
585827,Riwa Gastro AG,Restaurant,"Sehr freundliches Personal. Enorm kinderfreundlich mit eigener Kinderkarte, Spielecke und kleiner Geschenke für die Kinder.
Essen war auch sehr lecker und preislich um Rahmen. Gibt aber auch Gerichte um die 50.- wenns um gutes Fleisch geht. Einziges kleines Manko: ein Teil des Fisches kommt aus Polen. Ansonsten werden aber sehr viele regionale Produkte verarbeitet. Ich werde da auf jeden Fall wieder hingehen.",0,5.0,2019-01-02 18:02:14.926,111,False,"['Personal', 'Kinderkarte', 'Essen', 'Fleisch', 'Fisches']","['Positive', 'Positive', 'Positive', 'Positive', 'Positive']","[0.9896, 0.9768, 0.7982, 0.5477, 0.8448]","[[2], [8], [18], [40], [50]]"
585827,Riwa Gastro AG,Restaurant,Ist sehr schönes Restaurant..... Hatte Ein Feines Morgen essen... Mit Schinken.. Käse Tomaten.. Gipfel.. Vollkornbrot... Zopf.... & Verschiedene.. Konfitüre.&Koffein freier. Kaffe.. & Normaler Kaffe. Di sehr vier.. Frauen.. Sind sehr Freundlich,0,5.0,2018-12-31 11:40:32.856,77,False,"['Restaurant', 'Frauen']","['Positive', 'Positive']","[0.988, 0.823]","[[3], [59]]"
585827,Riwa Gastro AG,Restaurant,Das Restaurant Waldegg kann ich jedem ohne schlechtes Gewissen weiterempfehlen. Ein modern eingerichtetes Restaurant mit bester Lage (Im Sommer ein muss). Das Personal ist freundlich und zuvorkommend. Und zuletzt noch das Essen welches immer sehr gut schmeckt und schön angerichtet ist. Komme gerne wieder vorbei.,2,5.0,2018-12-23 12:01:21.710,74,False,"['Restaurant', 'Lage', 'Personal', 'Essen']","['Positive', 'Positive', 'Positive', 'Positive']","[0.9981, 0.9983, 0.9984, 0.9985]","[[1], [17], [26], [36]]"
585827,Riwa Gastro AG,Restaurant,Sehr freundliche Bediehnung. Feines essen. Sehr schöne Aussicht,0,5.0,2018-12-22 09:38:04.406,20,False,"['Bediehnung', 'essen', 'Aussicht']","['Positive', 'Positive', 'Positive']","[0.9984, 0.9984, 0.9959]","[[2], [5], [9]]"
585827,Riwa Gastro AG,Restaurant,Restaurant Waldegg ist immer gut,0,5.0,2018-12-18 10:35:04.942,8,False,['Restaurant'],['Positive'],[0.9975],[[0]]
585827,Riwa Gastro AG,Restaurant,Frühstück ist ein Geheimtipp!,1,5.0,2018-12-16 15:10:37.843,8,False,['Frühstück'],['Positive'],[0.9979],[[0]]
585827,Riwa Gastro AG,Restaurant,Freundliches Peeaonal und schöne Aussicht :),0,4.0,2018-12-15 09:09:13.801,14,False,"['Peeaonal', 'Aussicht']","['Positive', 'Positive']","[0.9985, 0.9985]","[[1], [4]]"
585827,Riwa Gastro AG,Restaurant,Sehr gutes Speise Restaurant,0,4.0,2018-12-15 06:17:27.639,9,False,['Restaurant'],['Positive'],[0.9981],[[3]]
585827,Riwa Gastro AG,Restaurant,Sehr freundliches Personal. Essen top. Kommen gerne wieder.,0,5.0,2018-12-14 12:01:09.547,18,False,"['Personal', 'Essen']","['Positive', 'Positive']","[0.9984, 0.9985]","[[2], [4]]"
585827,Riwa Gastro AG,Restaurant,"Immer ein Besuch wert, super Essen, guter Service und sehr freundliches Personal.",0,5.0,2017-09-27 12:35:00.651,22,False,"['Essen', 'Service', 'Personal']","['Positive', 'Positive', 'Positive']","[0.9987, 0.9987, 0.9982]","[[6], [9], [13]]"
585827,Riwa Gastro AG,Restaurant,Essen ist gut.,0,4.0,2018-12-03 11:10:59.311,6,False,['Essen'],['Positive'],[0.9971],[[0]]
585827,Riwa Gastro AG,Restaurant,Super Aussicht. Freundliche Bedienung. Saftige Preise.,0,4.0,2018-09-15 17:30:19.440,16,False,"['Aussicht', 'Bedienung', 'Preise']","['Positive', 'Positive', 'Positive']","[0.9947, 0.9869, 0.5335]","[[1], [4], [7]]"
585827,Riwa Gastro AG,Restaurant,Essen ist sehr gut und reichlich. Die Preise sind durchschnittlich. Schöne Aussicht und das Personal freundlich. Kann sehr empfohlen werden.,0,5.0,2018-11-24 11:03:41.565,37,False,"['Essen', 'Preise', 'Aussicht', 'Personal']","['Positive', 'Positive', 'Positive', 'Positive']","[0.9753, 0.5344, 0.9873, 0.991]","[[0], [8], [13], [16]]"
585827,Riwa Gastro AG,Restaurant,Sehr schön. Nette Bedienung.,0,5.0,2018-11-23 11:36:01.927,11,False,['Bedienung'],['Positive'],[0.9983],[[4]]
585827,Riwa Gastro AG,Restaurant,"Wunderbarer Ort für einen Zwischenhalt: schnell, gut, freundlich.",0,5.0,2018-11-21 19:04:12.881,19,False,['Ort'],['Positive'],[0.9983],[[1]]
585827,Riwa Gastro AG,Restaurant,Freundliche Bedienung und super feines Essen!,0,5.0,2018-11-20 16:04:30.294,12,False,"['Bedienung', 'Essen']","['Positive', 'Positive']","[0.9982, 0.9983]","[[1], [5]]"
585827,Riwa Gastro AG,Restaurant,Es Lohnt sich hinzugehen..man fühlt sich wohl und kann richtig geniessen👍😀,0,4.0,2018-11-17 07:59:59.876,24,False,[],[],[],[]
585827,Riwa Gastro AG,Restaurant,Wie immer top Bedienung und tolles Essen,0,5.0,2018-11-15 23:11:37.961,11,False,"['Bedienung', 'Essen']","['Positive', 'Positive']","[0.9983, 0.9982]","[[3], [6]]"
585827,Riwa Gastro AG,Restaurant,Sesonales Essen,0,4.0,2018-11-15 12:59:28.001,6,False,['Essen'],['Positive'],[0.6308],[[1]]
585827,Riwa Gastro AG,Restaurant,Essen super! Nette Bedienung!,0,5.0,2018-11-09 15:51:02.817,10,False,"['Essen', 'Bedienung']","['Positive', 'Positive']","[0.9976, 0.9977]","[[0], [4]]"
585827,Riwa Gastro AG,Restaurant,Super,0,5.0,2018-11-11 16:57:23.293,3,False,[],[],[],[]
585827,Riwa Gastro AG,Restaurant,"Katastrophe das am Sonntag Mittag wenn das ganze Restaurant voll ist einen 6er Tisch freigehalten wird für einen ""Stammgast""....Ich war auch einen!!! Viel Erfolg in Zukunft",0,5.0,2018-11-11 12:05:23.661,47,False,"['Restaurant', 'Tisch']","['Negative', 'Negative']","[0.9835, 0.9561]","[[8], [13]]"
585827,Riwa Gastro AG,Restaurant,"Tolles Essen, eher teuer",0,5.0,2018-11-10 22:13:17.979,10,False,['Essen'],['Positive'],[0.8451],[[1]]
585827,Riwa Gastro AG,Restaurant,Habe hier fein gegessen,0,5.0,2018-11-09 15:38:42.119,7,False,[],[],[],[]
585827,Riwa Gastro AG,Restaurant,Fein gegessen!,0,5.0,2018-11-08 10:06:07.433,6,False,[],[],[],[]
585827,Riwa Gastro AG,Restaurant,Immer schön und ein Genuss,0,5.0,2018-11-06 07:36:28.351,10,False,['Genuss'],['Positive'],[0.9981],[[4]]
585827,Riwa Gastro AG,Restaurant,Klein aber fein..bei schönem Wetter ein schönes Ausflugsziel,0,4.0,2018-11-05 09:40:08.585,18,False,['Ausflugsziel'],['Positive'],[0.9984],[[10]]
585827,Riwa Gastro AG,Restaurant,Sehr feines Essen und nette Bedienung,0,4.0,2018-11-04 17:02:53.435,12,False,"['Essen', 'Bedienung']","['Positive', 'Positive']","[0.9983, 0.9984]","[[2], [5]]"
585827,Riwa Gastro AG,Restaurant,Super Hirschgeschnetzeltes,0,5.0,2018-10-24 19:21:51.680,8,False,['Hirschgeschnetzeltes'],['Positive'],[0.9978],[[1]]
585827,Riwa Gastro AG,Restaurant,Sehr gutes Essen,0,4.0,2018-10-24 04:53:00.026,7,False,['Essen'],['Positive'],[0.998],[[2]]
585827,Riwa Gastro AG,Restaurant,"Das Restaurant Waldegg überzeugt durch Ambiente, Küche und Service. Wir haben einen tollen Abend verbracht. Gerne wieder. Vielen Dank",0,5.0,2018-10-17 17:11:31.367,34,False,"['Ambiente', 'Küche', 'Service']","['Positive', 'Positive', 'Positive']","[0.9987, 0.9987, 0.9987]","[[5], [7], [9]]"
585827,Riwa Gastro AG,Restaurant,Sehr feines Wild.,0,5.0,2018-10-16 18:59:35.720,8,False,['Wild'],['Positive'],[0.9979],[[2]]
585827,Riwa Gastro AG,Restaurant,Dort kann man sehr lecker essen. Grosse Empfehlung von meiner Seite.,1,5.0,2018-10-13 15:02:45.500,20,False,['essen'],['Positive'],[0.9986],[[5]]
585827,Riwa Gastro AG,Restaurant,Essen war sehr gut. Riz Casimir und Egli Filets im Teig sind sehr zu empfehlen. Für Kinder gibt es eine Spiel und Gamer Ecke.,0,5.0,2018-10-12 18:45:01.896,38,False,"['Essen', 'Filets']","['Positive', 'Positive']","[0.9955, 0.9893]","[[0], [9]]"
585827,Riwa Gastro AG,Restaurant,"Dieses Restaurant kann ich jedem empfehlen. Ausgezeichnet haben wir gegessen. Der Service war sehr gut und sehr freundlich!
Auf der Terrasse haben wir einen sehr schönen Nachmittag verbracht. Dabei auch die schöne Aussicht genossen.",0,5.0,2018-10-05 23:32:00.420,58,False,"['Restaurant', 'Service', 'Terrasse', 'Aussicht']","['Positive', 'Positive', 'Positive', 'Positive']","[0.9984, 0.9983, 0.998, 0.9986]","[[1], [13], [23], [36]]"
585827,Riwa Gastro AG,Restaurant,Great food. Stunning views,0,5.0,2018-10-04 20:16:41.908,8,False,"['food', 'views']","['Positive', 'Positive']","[0.998, 0.9981]","[[1], [4]]"
585827,Riwa Gastro AG,Restaurant,"Super Restaurant, herrliche Aussicht, freundliches Personal",0,4.0,2018-10-03 18:45:02.135,14,False,"['Restaurant', 'Aussicht', 'Personal']","['Positive', 'Positive', 'Positive']","[0.9984, 0.9986, 0.9983]","[[1], [4], [7]]"
585827,Riwa Gastro AG,Restaurant,Nice restaurant and good food,0,4.0,2018-10-02 20:18:18.998,7,False,"['restaurant', 'food']","['Positive', 'Positive']","[0.9976, 0.9976]","[[1], [4]]"
585827,Riwa Gastro AG,Restaurant,"sehr gute küche, gut organisiertes personal.",0,4.0,2018-09-20 15:43:02.971,14,False,"['küche', 'personal']","['Positive', 'Positive']","[0.9979, 0.9974]","[[2], [6]]"
585827,Riwa Gastro AG,Restaurant,Schöne Aussicht. Gutes Essen. Interessante Einblicke ins Leben wie anno dazumal.,0,4.0,2018-09-26 17:30:10.066,25,False,"['Aussicht', 'Essen']","['Positive', 'Positive']","[0.9985, 0.9983]","[[1], [4]]"
63085,"Asia Mr. Rice, Inh. Vu, Duc Quang",Asian restaurant,good food,0,4.0,2019-04-13 14:42:01.912,4,False,['food'],['Positive'],[0.9966],[[1]]
63085,"Asia Mr. Rice, Inh. Vu, Duc Quang",Asian restaurant,"Warten nach Bestellbestätigung 2 h und kein Essen kommt....
Telefonisch wurde man weggedrückt... Echt super Service",2,1.0,2019-03-10 18:59:05.442,27,False,"['Essen', 'Service']","['Negative', 'Negative']","[0.9826, 0.5484]","[[7], [22]]"
63085,"Asia Mr. Rice, Inh. Vu, Duc Quang",Asian restaurant,"Essen an sich schmeckt nicht schlecht, aber ist alles Fast-Food. Von Frisch ist da keine Rede. War 2 mal da und hatte beide Male am nächsten Tag Durchfall.",4,1.0,2019-01-10 14:13:28.595,43,False,['Essen'],['Neutral'],[0.5379],[[0]]
63085,"Asia Mr. Rice, Inh. Vu, Duc Quang",Asian restaurant,Essen gut. System nicht zufriedenstellend.,1,3.0,2018-12-06 23:32:05.214,12,False,"['Essen', 'System']","['Positive', 'Negative']","[0.9559, 0.5879]","[[0], [3]]"
63085,"Asia Mr. Rice, Inh. Vu, Duc Quang",Asian restaurant,Wery nice rice boi,0,5.0,2018-11-26 08:55:13.356,9,False,['rice'],['Positive'],[0.9971],[[2]]
63085,"Asia Mr. Rice, Inh. Vu, Duc Quang",Asian restaurant,Recht guter Asia Imbiss mit vernünftigen Preisen. Guter Schnitt und ok fürs schnelle Mittagessen,0,4.0,2018-11-24 10:23:59.086,29,False,"['Asia Imbiss', 'Preisen', 'Mittagessen']","['Positive', 'Positive', 'Positive']","[0.885, 0.6933, 0.7191]","[[2, 3], [6], [14]]"
63085,"Asia Mr. Rice, Inh. Vu, Duc Quang",Asian restaurant,Lecker und freundliches Personal,0,5.0,2018-11-04 10:17:46.763,9,False,['Personal'],['Positive'],[0.9983],[[3]]
63085,"Asia Mr. Rice, Inh. Vu, Duc Quang",Asian restaurant,Sehr leckeres Essen für einen günstigen Preis. Atmosphäre sehr nett und Buffet hat auch sehr viel Auswahl 👍,1,5.0,2018-11-01 15:19:04.325,34,False,"['Essen', 'Preis', 'Atmosphäre', 'Buffet']","['Positive', 'Positive', 'Positive', 'Positive']","[0.9981, 0.997, 0.9975, 0.9975]","[[2], [6], [8], [12]]"
63085,"Asia Mr. Rice, Inh. Vu, Duc Quang",Asian restaurant,günstig und sehr feiner vegi - food!,0,5.0,2018-10-05 07:54:28.871,15,False,['food'],['Positive'],[0.9978],[[6]]
63085,"Asia Mr. Rice, Inh. Vu, Duc Quang",Asian restaurant,"Tasty satay chicken. Chicken was not very tender, tasted like an old chicken.",1,3.0,2018-09-27 21:07:58.929,25,False,"['satay chicken', 'Chicken']","['Positive', 'Negative']","[0.9389, 0.5761]","[[1, 2], [4]]"
63085,"Asia Mr. Rice, Inh. Vu, Duc Quang",Asian restaurant,Gutes Essen,0,5.0,2018-08-21 11:02:23.300,5,False,['Essen'],['Positive'],[0.9973],[[1]]
63085,"Asia Mr. Rice, Inh. Vu, Duc Quang",Asian restaurant,I like this place. They have lunch for 15chf and you can take full plate what ever you want. Always tasty! For this price the place good!,0,4.0,2018-08-18 11:58:03.168,38,False,"['lunch', 'plate', 'price']","['Positive', 'Positive', 'Positive']","[0.6375, 0.9705, 0.9862]","[[7], [15], [26]]"
63085,"Asia Mr. Rice, Inh. Vu, Duc Quang",Asian restaurant,This place is hands down the best asian place around. Food is simply incredible and affordable. Only thing could improve is ambiance and the local but the food is top notch! Best duck I've ever had!!,0,5.0,2018-07-14 15:19:02.261,52,False,"['Food', 'ambiance', 'duck']","['Positive', 'Negative', 'Positive']","[0.9959, 0.871, 0.8707]","[[11], [23], [35]]"
63085,"Asia Mr. Rice, Inh. Vu, Duc Quang",Asian restaurant,"Der originale Mr. Rice am Marktplatz der Stadt St.Gallen. Er ist schon oft kopiert worden, aber immer noch der Beste. Das Essen schmeckt hier sehr gut und ich komme jeden Mittwoch mit meiner Kollegin hierher. Mr.Rice ist der Beste!",0,5.0,2018-07-12 20:17:37.000,64,False,"['Mr .', 'Essen']","['Positive', 'Positive']","[0.9776, 0.9957]","[[2, 3], [27]]"
63085,"Asia Mr. Rice, Inh. Vu, Duc Quang",Asian restaurant,"Sehr freundlicher Personal, pünktliche Lieferung und einfach lecker.",1,5.0,2018-07-11 09:57:12.013,20,False,"['Personal', 'Lieferung']","['Positive', 'Positive']","[0.9985, 0.9986]","[[2], [5]]"
63085,"Asia Mr. Rice, Inh. Vu, Duc Quang",Asian restaurant,nette Auswahl. Preis Leistung ist super!,0,5.0,2018-06-30 10:07:35.845,12,False,['Preis'],['Positive'],[0.9979],[[3]]
63085,"Asia Mr. Rice, Inh. Vu, Duc Quang",Asian restaurant,"Leckeres essen, günstig und alles frisch. Ich könnte jeden Tag kommen!:)",1,5.0,2018-03-19 19:23:58.962,21,False,['essen'],['Positive'],[0.9985],[[1]]
63085,"Asia Mr. Rice, Inh. Vu, Duc Quang",Asian restaurant,"Sehr gutes und günstiges Essen, frisch gemacht. Mittagsbuffet schon ab 9.90CHF!!",1,5.0,2018-03-19 19:23:07.880,27,False,['Essen'],['Positive'],[0.979],[[4]]
63085,"Asia Mr. Rice, Inh. Vu, Duc Quang",Asian restaurant,Gut,0,4.0,2018-03-16 11:30:47.664,3,False,[],[],[],[]
63085,"Asia Mr. Rice, Inh. Vu, Duc Quang",Asian restaurant,Gutes schnelles Essen.,0,4.0,2018-02-07 06:18:49.672,9,False,['Essen'],['Positive'],[0.9979],[[2]]
63085,"Asia Mr. Rice, Inh. Vu, Duc Quang",Asian restaurant,Sympathetic tiny restaurant. Reasonable prices. Good food.,0,4.0,2018-01-26 08:12:45.023,17,False,"['restaurant', 'prices', 'food']","['Positive', 'Positive', 'Positive']","[0.8973, 0.9603, 0.9895]","[[2], [5], [8]]"
63085,"Asia Mr. Rice, Inh. Vu, Duc Quang",Asian restaurant,Good food,0,5.0,2017-12-28 12:00:28.170,4,False,['food'],['Positive'],[0.9961],[[1]]
63085,"Asia Mr. Rice, Inh. Vu, Duc Quang",Asian restaurant,"Bestellt, nach 40min telefon geht noch 30min, nach weiteren 45min immernoch kein essen, nocheinmal nachgefragt, konnten keine zeit sagen
Lieferservice ist in diesem fall eine katastrofe",2,1.0,2017-12-27 19:29:09.629,49,False,"['essen', 'Lieferservice']","['Negative', 'Negative']","[0.9949, 0.9927]","[[14], [23]]"
63085,"Asia Mr. Rice, Inh. Vu, Duc Quang",Asian restaurant,Gut und günstig,0,4.0,2017-12-25 15:57:49.173,6,False,[],[],[],[]
63085,"Asia Mr. Rice, Inh. Vu, Duc Quang",Asian restaurant,Günstiges Essen in guter Qualität. Frisch zubereitet. Auch als Lieferservice.,0,5.0,2017-11-05 14:07:04.245,22,False,"['Essen', 'Lieferservice']","['Positive', 'Positive']","[0.9972, 0.8125]","[[1], [11]]"
63085,"Asia Mr. Rice, Inh. Vu, Duc Quang",Asian restaurant,Sehr gutes und preiswertes Essen. Das Personal war sehr freundlich und hübsch.,0,5.0,2017-10-31 08:43:26.937,24,False,"['Essen', 'Personal']","['Positive', 'Positive']","[0.9981, 0.9981]","[[4], [7]]"
63085,"Asia Mr. Rice, Inh. Vu, Duc Quang",Asian restaurant,Lecker und Preisleistung stimmt,0,5.0,2017-10-20 10:02:00.812,9,False,['Preisleistung'],['Positive'],[0.9973],[[2]]
63085,"Asia Mr. Rice, Inh. Vu, Duc Quang",Asian restaurant,Sehr leckeres Essen und preiswert.,1,5.0,2017-10-05 06:26:56.155,12,False,['Essen'],['Positive'],[0.9984],[[2]]
63085,"Asia Mr. Rice, Inh. Vu, Duc Quang",Asian restaurant,Gutes und preiswertes Essen. Freundliches Personal.,0,5.0,2017-06-06 19:05:35.656,14,False,"['Essen', 'Personal']","['Positive', 'Positive']","[0.998, 0.9981]","[[3], [6]]"
63085,"Asia Mr. Rice, Inh. Vu, Duc Quang",Asian restaurant,"Any food is GOOD here, for me the sambal is DAHSYAT 😊",1,5.0,2016-12-26 21:44:24.713,20,False,"['food', 'sambal']","['Positive', 'Negative']","[0.9901, 0.7985]","[[1], [9]]"
773420,zickzackzuck GmbH,Fabric store,Grosse Auswahl and wunderbaren Stoffen und allerlei Zubehör. Einfache Bezahlung und tolle Öffnungszeiten. Ich komme definitiv wieder😍,0,5.0,2025-05-09 13:07:24.592,31,False,"['Stoffen', 'Zubehör', 'Bezahlung', 'Öffnungszeiten']","['Positive', 'Positive', 'Positive', 'Positive']","[0.9984, 0.9983, 0.9986, 0.9985]","[[4], [7], [10], [13]]"
773420,zickzackzuck GmbH,Fabric store,"Mein absoluter Lieblingsladen. Es gibt sicher Läden mit umfangreicherem Sortiment, doch die Verkäuferinnen sind stets freundlich, kompetent und hilfsbereit und teilen die Freude am Nähen. Auch Kinder sind herzlich willkommen und dürfen unter dem Zuschneidetisch spielen. Komme immer gerne!",0,5.0,2023-07-26 19:24:25.441,78,False,['Verkäuferinnen'],['Positive'],[0.9944],[[14]]
773420,zickzackzuck GmbH,Fabric store,"Die Öffnungszeiten sind ein Traum. Gerade wenn man Berufstätig ist, hat man oft erst am späten Nachmittag Zeit einzukaufen. Generell ist es ein tolles Konzept, durch sie Selbstbedienung kann der Laden wahrscheinlich viel länger geöffnet sein. Die Auswahl ist wirklich gross, dafür dass der Laden gar nicht so riesig ist. Ich werde auf jeden Fall wieder kommen! :)",0,5.0,2025-05-04 08:19:44.888,90,False,"['Öffnungszeiten', 'Selbstbedienung', 'Auswahl']","['Positive', 'Positive', 'Positive']","[0.9941, 0.9201, 0.9239]","[[1], [31], [42]]"
773420,zickzackzuck GmbH,Fabric store,"Als Nahanfängerin mit meinen zwei kleinen Kindern wurde ich total herzlich empfangen und super beraten. Die Kinder waren willkommen und haben sich gleich wohl gefühlt. Super sortiert, tolle Stoffe und Muster, sehr viel Zubehör. Hier wird jeder fündig. Parkplatz vor dem Geschäft. Wir werden hier gern wiederkommen und freuen uns schon drauf.",0,5.0,2025-01-06 12:34:07.691,86,False,"['Stoffe', 'Muster', 'Zubehör', 'Parkplatz']","['Positive', 'Positive', 'Positive', 'Positive']","[0.9981, 0.9975, 0.9975, 0.9985]","[[31], [33], [37], [44]]"
773420,zickzackzuck GmbH,Fabric store,"Ein supertolles, kleines Geschäft, dass mit GROSSEM aufwartet. Sehr gutes, breites Sortiment mit äusserst kompetenten, freundlichen und hilfsbereiten Mitarbeitenden. Komme auf jeden Fall seeehr gerne wieder - auch bei reduzierten Öffnungszeiten.",0,5.0,2023-11-16 09:00:32.635,74,False,"['Geschäft', 'Sortiment', 'Mitarbeitenden']","['Positive', 'Positive', 'Positive']","[0.9985, 0.9964, 0.9985]","[[4], [15], [23]]"
773420,zickzackzuck GmbH,Fabric store,"Ein toller, inhabergeführter Stoffladen. Es gibt wunderschöne Stoffe, Bündchen, Näh- und Taschenzubehör. Auch ein paar Plotterfolien und - Zubehör von Silhouette kann man kaufen. Man kann auch online nachfragen und dann kann man z.B. Stoffe zusammen stellen lassen, damit sie auch gut zusammen passen. Ein freundlicher Service, nah am Kunden!",0,5.0,2023-10-06 05:50:50.790,93,False,"['Stoffladen', 'Stoffe', 'Bündchen', '-', 'Plotterfolien', 'Service']","['Positive', 'Positive', 'Positive', 'Positive', 'Positive', 'Positive']","[0.9976, 0.9914, 0.9826, 0.9769, 0.9813, 0.9968]","[[4], [9], [11], [14], [21], [58]]"
773420,zickzackzuck GmbH,Fabric store,Wunderschöner Stoffladen mit grosser Auswahl. Sehr freundliche und kompetente Beratung. Ein Besuch lohnt sich! :-),0,5.0,2023-08-29 08:09:01.600,30,False,"['Stoffladen', 'Beratung']","['Positive', 'Positive']","[0.9988, 0.9986]","[[1], [10]]"
773420,zickzackzuck GmbH,Fabric store,Ein wunderbarer Stoffladen mit sehr grossem Angebot. Die Beratung ist immer sehr hilfreich und total freundlich. Wirkt alles sehr ordentlich und aufgeräumt. Immer wieder gerne!,0,5.0,2023-05-15 11:04:22.799,45,False,"['Stoffladen', 'Beratung']","['Positive', 'Positive']","[0.9986, 0.9985]","[[2], [9]]"
773420,zickzackzuck GmbH,Fabric store,"Sicher einer meiner absoluten Lieblingsschweizer Stoffshop. Ganz hilfsbereiter, supertoller Service. Tolle Auswahl. Schnelle Lieferung😍",0,5.0,2020-12-16 20:24:51.114,36,False,"['Stoffshop', 'Service', 'Lieferung😍']","['Positive', 'Positive', 'Positive']","[0.9986, 0.9967, 0.9947]","[[5], [11], [17]]"
773420,zickzackzuck GmbH,Fabric store,"Für mich ist das DER Stoffladen. Finde die Auswahl toll, Anja und ihr Team total unkompliziert und hilfsbereit. Einfach eine top Beratung. Gehe immer wieder gerne da einkaufen und mich inspirieren lassen. 🤩",0,5.0,2020-11-24 21:12:11.960,56,False,"['Stoffladen', 'Anja', 'Team']","['Positive', 'Positive', 'Positive']","[0.9979, 0.9984, 0.9984]","[[5], [12], [15]]"
773420,zickzackzuck GmbH,Fabric store,"Toller Service im Online Shop. Schnelle Lieferung und sie halfen mir, als ich falsch bestellt habe, einfach und unkompliziert. Ganz lieben Dank euch und macht unbedingt weiter so....",0,5.0,2019-10-23 20:49:19.698,47,False,"['Service', 'Lieferung']","['Positive', 'Positive']","[0.9984, 0.9984]","[[1], [7]]"
773420,zickzackzuck GmbH,Fabric store,"Bunt, verführerisch, tolle Stoffe",0,4.0,2018-12-05 09:58:13.898,13,False,['Stoffe'],['Positive'],[0.9982],[[5]]
773420,zickzackzuck GmbH,Fabric store,Super tolle Stoffe,0,5.0,2018-10-18 11:41:08.049,7,False,['Stoffe'],['Positive'],[0.998],[[2]]
773420,zickzackzuck GmbH,Fabric store,"Super schönes Stoffgeschäfft mit grosser Auswahl an verschiedeben Stoffen und was man sonst noch zum Nähen braucht.
Freundliche Bedienung mit Beratung",0,5.0,2017-09-29 05:47:38.488,38,False,"['Stoffgeschäfft', 'Stoffen', 'Bedienung']","['Positive', 'Positive', 'Positive']","[0.9986, 0.9981, 0.9868]","[[2], [8], [19]]"
773420,zickzackzuck GmbH,Fabric store,Einfach das beste wenn es um Stoff geht,0,5.0,2017-04-07 21:09:49.198,13,False,['Stoff'],['Positive'],[0.9971],[[6]]
773420,zickzackzuck GmbH,Fabric store,"Toller Stoffladen mit einer Riesenauswahl an wunderschönen Stoffen für alle Nähfreudigen. Sehr freundliche Bedienung, da kommt man immer wieder gerne zurück.",0,5.0,2016-05-27 09:03:30.887,40,False,"['Stoffladen', 'Stoffen', 'Bedienung']","['Positive', 'Positive', 'Positive']","[0.9987, 0.9988, 0.9984]","[[1], [7], [14]]"
385671,Karl & Reto Dörig Malergeschäft AG,Painter,"Mitarbeiter blenden in Firmen Auto in andere Autos, und bespucken leute in der Stadt St.Gallen",0,1.0,2023-12-15 14:04:55.926,26,False,"['Mitarbeiter', 'leute']","['Negative', 'Negative']","[0.9823, 0.9937]","[[0], [11]]"
385671,Karl & Reto Dörig Malergeschäft AG,Painter,"Perfekte Arbeit, wie immer. Kann ich nur empfehlen !",0,5.0,2022-11-30 17:10:00.710,16,False,['Arbeit'],['Positive'],[0.9986],[[1]]
385671,Karl & Reto Dörig Malergeschäft AG,Painter,Professionellstes Malergeschäft im Appenzellerland.,0,5.0,2022-08-02 10:43:10.778,14,False,['Malergeschäft'],['Positive'],[0.9985],[[1]]
369057,Ivo Fässler AG,Bathroom remodeler,Top Service & sehr freundlich!,0,5.0,2020-11-06 10:45:03.535,10,False,['Service'],['Positive'],[0.9983],[[1]]
342255,Hungsügl W. Inauen,Gift shop,"Ein wunderschöner Laden, mit ganz viel Auswahl, alles wunderschön und liebevoll „eingerichtet“. Schaut auch ins Detail, Ihr findet ganz tolle Sachen!
Und der Service ist einmalig!!",0,5.0,2024-11-05 17:25:17.361,52,False,"['Laden', 'der']","['Positive', 'Positive']","[0.9984, 0.9984]","[[4], [34]]"
342255,Hungsügl W. Inauen,Gift shop,Ein wunderschönes lädeli mit unglaublich schönen dekoartikel. Ich liebe es 💖,0,5.0,2024-10-08 14:59:14.761,24,False,"['lädeli', 'dekoartikel']","['Positive', 'Positive']","[0.9986, 0.9987]","[[2], [6]]"
342255,Hungsügl W. Inauen,Gift shop,"gond gi luga, as ischd da wäat, feandschd immar öppis schöas und bruchbars",0,5.0,2024-03-12 08:17:59.567,32,False,[],[],[],[]
342255,Hungsügl W. Inauen,Gift shop,Ein sehr schönes Lädeli mit viel Liebe eingerichtet. Sehr nettes Verkaufspersonal. Hier findet man immer ein Geschenk oder etwas Schönes für sich.,0,5.0,2020-10-09 07:26:54.699,38,False,"['Lädeli', 'Verkaufspersonal']","['Positive', 'Positive']","[0.9984, 0.9985]","[[3], [11]]"
661338,Stimmart GmbH,Corporate office,"Gewaltiger Stimmentänzer,  Entertainer - der Gala-Künstler schlechthin!!",0,5.0,2019-06-18 16:06:38.031,26,False,"['Stimmentänzer', 'Entertainer']","['Positive', 'Positive']","[0.9805, 0.9605]","[[1], [3]]"
202657,Dr. Dragomir Bojovic AG,,Dragomir war ein super Ausbildner und die Praxis ist stets sauber und organisiert :),0,5.0,2023-07-19 17:48:38.027,23,False,"['Ausbildner', 'Praxis']","['Positive', 'Positive']","[0.9986, 0.9983]","[[4], [7]]"
202657,Dr. Dragomir Bojovic AG,,"Dr. Bojovic und sein Team sind sehr kompetent, aufmerksam und freundlich. Für Termine wird grundsätzlich genug Zeit eingerechnet, sodass Behandlungen zuverlässig, stressfrei und ohne Hektik erfolgen. Daher empfehle ich die Praxis von Dr. Bojovic uneingeschränkt weiter.",0,5.0,2021-04-17 07:46:24.593,72,False,"['Team', 'Behandlungen', 'Praxis']","['Positive', 'Positive', 'Positive']","[0.9909, 0.9959, 0.9987]","[[5], [23], [36]]"
202657,Dr. Dragomir Bojovic AG,,"Alle sehr sympatisch.
Nehmen sich Zeit ist hygienisch und sauber.
Mein Kleinkind durfte auch mit.
Sind ab jetzt Fix bei Herrn Bojovic
Sehr zufrieden🍀😊",1,5.0,2020-10-12 10:54:50.045,44,False,[],[],[],[]
627112,"Sibylle Bichsel, Appenzeller Kunstgiesserei",Art studio,"Ein tolles Handwerk und eine wunderbare Sibylle, welche mit unglaublicher Leidenschaft und Herzblut den Besuchern das Zinngiessen näher bringt. Wir haben eine Führung inkl Fonduegabel giessen gebucht und waren absolut begeistert! Besten Dank Sibylle",0,5.0,2024-11-10 18:58:20.071,64,False,"['Handwerk', 'Sibylle', 'Führung']","['Positive', 'Positive', 'Positive']","[0.9984, 0.9984, 0.9973]","[[2], [6], [24]]"
627112,"Sibylle Bichsel, Appenzeller Kunstgiesserei",Art studio,"Sehr sehenswert und herzliche Leute, tolles Handwerk.
Auf jeden Fall einen Besuch wert!",0,5.0,2024-08-29 17:03:39.348,25,False,"['Leute', 'Handwerk']","['Positive', 'Positive']","[0.9987, 0.9987]","[[4], [7]]"
274652,"Fuster Goldschmied, Inh. Sascha Fässler",Goldsmith,"Ich durfte gleich zwei Schutzengel-Ketten für meine beiden Patenkinder kaufen und wurde dabei hervorragend beraten. Der Service war ausgezeichnet und alles wurde termingerecht umgesetzt. Ich bin sehr zufrieden!
Außerdem habe ich von meinem Freund einen wunderschönen Anhänger geschenkt bekommen – die Qualität überzeugt auf ganzer Linie. Vielen Dank für die tolle Arbeit!",0,5.0,2025-05-21 14:58:49.989,94,False,"['Service', 'nen Anh ä']","['Positive', 'Positive']","[0.9985, 0.9987]","[[21], [47, 48, 49]]"
274652,"Fuster Goldschmied, Inh. Sascha Fässler",Goldsmith,Ich finde es sehr toll das sie meine Uhr gratis gekürzt haben und dass ich wieder kommen darf.,0,5.0,2024-11-12 05:52:16.049,27,False,['Uhr'],['Positive'],[0.9824],[[8]]
274652,"Fuster Goldschmied, Inh. Sascha Fässler",Goldsmith,"Schlechte Beratung, schlechte Qualität, unfreundlich. Vor einigen Jahren eine Uhr gekauft, ging ständig kaputt (Zeiger fielen ab, waren ungenau, …) und nach der xten Reparatur gab ich sie zurück, die Reaktion darauf war ""Alles Klar, dann werde ich sie entsorgen"". Würde ja 0 Sterne geben, ging jedoch leider nicht. Nie wieder.",1,1.0,2024-10-17 11:28:39.454,92,False,"['Beratung', 'ä t', 'Zeiger']","['Negative', 'Negative', 'Negative']","[0.9965, 0.9969, 0.9968]","[[1], [5, 6], [23]]"
274652,"Fuster Goldschmied, Inh. Sascha Fässler",Goldsmith,Schöne Diamanten und gute Beratung!!,0,5.0,2022-04-22 09:41:16.579,11,False,"['Diamanten', 'Beratung']","['Positive', 'Positive']","[0.9984, 0.9984]","[[1], [4]]"
274652,"Fuster Goldschmied, Inh. Sascha Fässler",Goldsmith,Gute Bedienung und Beratung,0,5.0,2020-10-30 16:03:45.792,7,False,"['Bedienung', 'Beratung']","['Positive', 'Positive']","[0.9979, 0.9975]","[[1], [3]]"
765785,xerxes ag,Information services,"Ich war mit meiner Firma zunächst bei einem anderen IT-Dienstleister. Nichts funktionierte, wir konnten kaum arbeiten. Dann wechselte ich mit der ganzen IT zu xerxes, die mir schnell das System so einrichteten, dass es funktionierte. Das ist nun schon drei Jahre her. Und ich hatte nie mehr ein Problem. Sehr zu empfehlen.",0,5.0,2017-11-30 08:25:02.339,87,False,['xerxes'],['Positive'],[0.9958],[[29]]
577402,Restaurant Blume GmbH,Fish restaurant,"Warm and cozy, just like at home. Caring boss and team, even when I don’t speak German. The food is gourmet and extremely delicious! Thank you so much for the hospitality !",0,5.0,2025-03-20 19:07:47.194,49,False,"['boss', 'team', 'food']","['Positive', 'Positive', 'Positive']","[0.996, 0.995, 0.9956]","[[10], [12], [24]]"
577402,Restaurant Blume GmbH,Fish restaurant,"Wir waren zum ersten Mal im Restaurant Blume und wurden sehr freundlich empfangen.
Das Essen war ausgezeichnet, die Bedienung zuvorkommend und sympathisch und auch der Chef liess sich persönlich blicken und war sehr freundlich.
Wir kommen gerne wieder!",0,5.0,2025-03-11 21:45:15.964,66,False,"['Essen', 'Bedienung', 'Chef']","['Positive', 'Positive', 'Positive']","[0.9985, 0.9985, 0.9985]","[[15], [20], [27]]"
577402,Restaurant Blume GmbH,Fish restaurant,"Unscheinbar aber lohnenswert! Sehr freundliche Gastgeber, guter Service und wirklich feines Essen, ob Fisch oder Fleisch👌🏼",0,5.0,2025-03-09 05:37:23.235,33,False,"['Gastgeber', 'Service', 'Essen']","['Positive', 'Positive', 'Positive']","[0.9986, 0.9984, 0.9966]","[[6], [9], [13]]"
577402,Restaurant Blume GmbH,Fish restaurant,"Fantastische Kulinarik!! Was für eine Präsentation der Speisen, wie in einem Gourmet Restaurant!
Geschmacklich der absolute wahnsinn! Sehr empfehlenswerte Gastgeber",0,5.0,2025-03-08 15:00:41.068,41,False,"['Kulinarik', 'Speisen', 'Gastgeber']","['Positive', 'Positive', 'Positive']","[0.9981, 0.9978, 0.9905]","[[1], [9], [24]]"
577402,Restaurant Blume GmbH,Fish restaurant,Es ist immer extrem fein und zuvorkommend! Wir gehen ausserordentlich gerne in die Blume zu Ali und Gülüstan!!!,0,5.0,2025-01-29 17:53:48.375,33,False,['Gülüstan'],['Positive'],[0.9975],[[18]]
577402,Restaurant Blume GmbH,Fish restaurant,"Geniale Küche, wunderschön angerichtet und liebevoll serviert, herzlichen Dank!",0,5.0,2024-11-18 19:17:37.803,21,False,"['Küche', 'serviert']","['Positive', 'Positive']","[0.9986, 0.9986]","[[1], [7]]"
577402,Restaurant Blume GmbH,Fish restaurant,Hervorragendes frisches Essen. Sehr professionelle und freundliche Bedienung. Jederzeit gerne wieder. Merci.,0,5.0,2024-10-23 11:10:26.093,31,False,"['Essen', 'Bedienung']","['Positive', 'Positive']","[0.9987, 0.9983]","[[2], [8]]"
577402,Restaurant Blume GmbH,Fish restaurant,"Ein super Hotel und auch Restaurant mit einem wirklich top Preis. Top Service mit ganz viel Herz. Immer wenn ich nach St.Gallen gehe, ist für mich klar, es soll dieses Hotel sein.",0,5.0,2024-10-22 05:23:02.332,49,False,"['Hotel', 'Restaurant', 'Preis', 'Service']","['Positive', 'Positive', 'Positive', 'Positive']","[0.9979, 0.9979, 0.998, 0.9981]","[[2], [5], [10], [13]]"
577402,Restaurant Blume GmbH,Fish restaurant,Wir haben in der Blume ein ausgezeichnetes Wild Abendessen geniessen dürfen. Die Speisen sind wirklich schön angerichtet und geschmacklich top. Dies in Kombination mit einem aufmerksamen und herzlichen Service hat uns echt Freude bereitet. Ein Geheimtipp in St.Gallen! Besten Dank Familie Koltan. 👍🏻,0,5.0,2024-10-04 21:57:09.550,81,False,"['Wild Abendessen', 'Speisen', 'Service', 'Familie']","['Positive', 'Positive', 'Positive', 'Positive']","[0.9982, 0.9985, 0.9986, 0.9987]","[[7, 8], [13], [30], [46]]"
585827,Riwa Gastro AG,Restaurant,"Ein sehr gutes Essen,  Bedienung super! Ambiente ganz Toll, man fühlt sich gut Aufgehoben.
Nebst dem Restaurant, gibt es einen kleinen gurme Laden, mit Hausgemachter wahre, Salatsauce, Mandel und Nussgipfel usw... sehr schön gemacht!
Sehr zu Empfehlen!!",1,5.0,2018-03-16 12:30:36.794,76,False,"['Essen', 'Bedienung', 'Ambiente']","['Positive', 'Positive', 'Positive']","[0.9982, 0.9983, 0.9982]","[[3], [5], [8]]"
585827,Riwa Gastro AG,Restaurant,"Una deliziosa sorpresa.
Adatto a tutta la famiglia bel parco giochi e ottimi menu studiati per i piu' piccoli.
Carta non eccessiva ma adatta",0,5.0,2018-09-21 17:45:54.971,48,False,"['parco giochi', 'menu', 'Carta']","['Positive', 'Positive', 'Positive']","[0.9956, 0.6964, 0.956]","[[10, 11], [14], [22]]"
585827,Riwa Gastro AG,Restaurant,"Beautiful views, friendly service. Makes an unfavourable first impression - looks like a highway stop from the road. But the food and drinks are good. Also a nice mix of people visiting.",0,4.0,2018-09-20 16:17:21.808,50,False,"['views', 'service', 'food', 'drinks']","['Positive', 'Positive', 'Positive', 'Positive']","[0.9906, 0.9522, 0.9919, 0.9927]","[[1], [4], [23], [25]]"
585827,Riwa Gastro AG,Restaurant,"Essen sehr gut, Preis adequat.",0,4.0,2018-09-18 17:21:48.596,12,False,['Essen'],['Positive'],[0.9943],[[0]]
585827,Riwa Gastro AG,Restaurant,"Sehr gutes Essen, sdhr freundliches Personal. Aufmerksam und höflich! :-)",0,4.0,2018-09-17 20:54:15.622,25,False,"['Essen', 'Personal']","['Positive', 'Positive']","[0.9986, 0.9986]","[[2], [6]]"
585827,Riwa Gastro AG,Restaurant,Sehr freundlicher und schneller Service trotz vieler Gäste.,0,5.0,2018-02-16 20:10:54.651,18,False,['Service'],['Positive'],[0.9985],[[4]]
585827,Riwa Gastro AG,Restaurant,Top. Empfehlenswert. Super Auswahl und freundliches Personal.,0,5.0,2018-09-15 08:14:53.749,16,False,"['Auswahl', 'Personal']","['Positive', 'Positive']","[0.9986, 0.9985]","[[5], [8]]"
585827,Riwa Gastro AG,Restaurant,Top Preisleistungsverhältnis 👍,0,4.0,2018-09-11 13:39:30.588,9,False,['Preisleistungsverhältnis'],['Positive'],[0.9983],[[1]]
585827,Riwa Gastro AG,Restaurant,"Sehr freundliches & höfliches Personal, sehr gute Speisen.
Rasche bedienung und grosse Auswahl.
Waren sehr positiv überrascht worden. Werde es ganz sicher weiterempfehlen. Weiter so",0,5.0,2018-09-11 06:21:24.049,50,False,"['Personal', 'Speisen', 'bedienung']","['Positive', 'Positive', 'Positive']","[0.9983, 0.9985, 0.9985]","[[4], [8], [11]]"
585827,Riwa Gastro AG,Restaurant,Herrlich,0,5.0,2018-09-10 19:05:29.230,4,False,[],[],[],[]
585827,Riwa Gastro AG,Restaurant,Sehr feines Essen,0,5.0,2018-09-06 21:30:51.753,7,False,['Essen'],['Positive'],[0.998],[[2]]
585827,Riwa Gastro AG,Restaurant,Nice and friendly staffs. The food taste also very nice !!!,0,5.0,2018-09-04 10:28:44.241,17,False,"['staffs', 'food']","['Positive', 'Positive']","[0.9983, 0.9977]","[[3], [6]]"
585827,Riwa Gastro AG,Restaurant,Wie immer super gegessen und ebenso vorzüglich bedient,0,5.0,2018-07-03 16:56:11.194,16,False,['bedient'],['Positive'],[0.9984],[[7]]
585827,Riwa Gastro AG,Restaurant,Sehr empfehlenswert,0,4.0,2018-08-29 13:11:02.899,7,False,[],[],[],[]
585827,Riwa Gastro AG,Restaurant,Super Aussicht. Abends unbedingt reservieren. Gutes Essen.,0,4.0,2018-08-28 15:19:24.179,17,False,"['Aussicht', 'Essen']","['Positive', 'Positive']","[0.9973, 0.9981]","[[1], [8]]"
585827,Riwa Gastro AG,Restaurant,Nur zu empfehlen alles tip top,0,5.0,2018-08-27 19:15:44.271,8,False,[],[],[],[]
585827,Riwa Gastro AG,Restaurant,"Wir waren heute mit der ganzen Familie Glace essen... Leckere Auswahl! Auch das Essen ist fantasitisch! Spezialität ist natürlich die hausgemachte Salat Sauce. Sehr freundliches Personal, auch die Geschäftsführer scheuen sich nicht die Kunden zu bedienen. Schöne aussicht, schönes Restaurant! Ihr macht alles richtig! Weiter so!",0,5.0,2018-08-26 15:41:57.143,89,False,"['Auswahl', 'Essen', 'Salat Sauce', 'Personal', 'Geschäftsführer', 'aussicht', 'Restaurant']","['Positive', 'Positive', 'Positive', 'Positive', 'Positive', 'Positive', 'Positive']","[0.9961, 0.9958, 0.997, 0.9967, 0.9975, 0.9979, 0.9975]","[[13], [17], [26, 27], [31], [35], [45], [48]]"
585827,Riwa Gastro AG,Restaurant,Freundlicher aufmerksamer Service. Wir waren dort um eine Coupe zu essen. Was wir getan und genossen haben.,0,4.0,2018-08-25 22:51:22.918,30,False,['Service'],['Positive'],[0.9901],[[2]]
585827,Riwa Gastro AG,Restaurant,"Super Restaurant, korrekte Preis/Leistung super Aussicht, toller Kinderspielplatz.
Reservation aus obigen Gründen natürlich zwingend. 👌👍👏",0,5.0,2018-08-21 15:06:57.418,38,False,"['Restaurant', 'Aussicht', 'Kinderspielplatz']","['Positive', 'Positive', 'Positive']","[0.9835, 0.9944, 0.9949]","[[1], [8], [11]]"
585827,Riwa Gastro AG,Restaurant,"Sehr Freundliche Bedienung
Parklplätze genügend vorhanden
Reservation nötig da fast immer voll Belegt
Essen schnell und sehr fein 😋 vor allem die frischen Brötchen 🤗",1,5.0,2018-02-13 08:41:20.020,47,False,"['Bedienung Parklplätze', 'Reservation', 'Essen']","['Positive', 'Neutral', 'Positive']","[0.8619, 0.5523, 0.8836]","[[2, 3], [6], [13]]"
585827,Riwa Gastro AG,Restaurant,herzlicher service! tolles angebot und grosszügige portionen 😊,0,5.0,2017-07-11 20:27:41.033,19,False,"['service', 'angebot', 'portionen']","['Positive', 'Positive', 'Positive']","[0.9982, 0.9985, 0.9986]","[[1], [4], [7]]"
585827,Riwa Gastro AG,Restaurant,"Wir sind extra vom ZH Unterland ins Restaurant Waldegg gefahren und wurden belohnt. An einem wunderschönen Abend durften wir ein köstliches Abendessen geniesse:  Poulet Elsässer Art, aber auch der Fisch waren ausgezeichnet. Zum Dessert hatten wir Caramel Köpfli ( bei welchen man nichts falsch machen kann) und ein Edbeer Yoghurt Eis, welches super angekommen ist.
Der Service war gut, freundlich aber es fehlt der Schliff ( zB dass zuerst der Frau serviert wird, von rechts, als Tip für eine Verbesserung ).  Dafür war der Service flexibel, als wir wegen kühlem Wind den Kaffee lieber drinnen konsumieren mochten.
Btw der Ausblick ist super!",0,4.0,2018-08-12 10:45:03.622,171,False,[],[],[],[]
585827,Riwa Gastro AG,Restaurant,"In der Waldegg geniesst man neben schmackhaftem Essen eine tolle Aussicht, wird freundlich und flink bedient und Kinder können sich auf einem Spielplatz austoben und sogar aus einem Korb ein Spielzeug zum Behalten aussuchen.",1,5.0,2018-08-10 13:36:06.392,59,False,"['Essen', 'Aussicht', 'bedient', 'Spielplatz']","['Positive', 'Positive', 'Positive', 'Positive']","[0.9977, 0.9972, 0.9889, 0.993]","[[7], [10], [16], [23]]"
585827,Riwa Gastro AG,Restaurant,"Wir waren 6 Personen, die Wartezeit war angenehm, das Essen super fein, Bedienung war freundlich. Keine überrissen grosse Speisekarte. Top Modern eingerichtet. Für die Kinder hat es eine Spielecke was natürlich perfekt ist, nur könnte das Personal einem auf diese Aufmerksam machen, wir fanden die Spielecke nur, da wir nach draussen gingen um zu rauchen. Um zu zahlen muss man aufstehen und an die Kasse gehen, evtl. muss man anstehen. Diese variante von Kassensystem, finde ich, passt nicht in dieses Restaurant sondern eher in ein Bahnhofbuffet oder Migros Restaurant. Wir kommen auf jeden Fall wieder.",2,4.0,2018-08-10 11:17:13.434,154,False,[],[],[],[]
585827,Riwa Gastro AG,Restaurant,"Sehr freundliches und aufgestelltes Personal! Kompliment ans ganze Team. Schöner Ausblick, tolles Essen und Ambiente. Für jeden Geschmack etwas dabei! Ein Besuch lohnt sich auf jeden Fall 😀",0,5.0,2018-08-08 12:27:49.560,53,False,"['Personal', 'Team', 'Ausblick', 'Essen', 'Ambiente']","['Positive', 'Positive', 'Positive', 'Positive', 'Positive']","[0.9983, 0.9984, 0.9986, 0.9985, 0.9986]","[[4], [9], [12], [15], [17]]"
585827,Riwa Gastro AG,Restaurant,super,0,5.0,2018-08-07 20:53:53.000,3,False,[],[],[],[]
585827,Riwa Gastro AG,Restaurant,"Wie immer sehr gutes Essen. Von der Vorspeise bis hin zur Nachspeise alles schmackhaft, frisch und einfach nur gut. Service schnell und freundlich. Immer wieder gerne!",1,5.0,2018-08-05 17:55:08.634,47,False,"['Essen', 'Service']","['Positive', 'Positive']","[0.9986, 0.9984]","[[4], [22]]"
585827,Riwa Gastro AG,Restaurant,"Sauber, zuvorkommende Bedienung",0,4.0,2018-08-02 17:20:26.890,10,False,['Bedienung'],['Positive'],[0.9982],[[3]]
585827,Riwa Gastro AG,Restaurant,Sehr empfehlenswert nette Bedienung und gutes Essen. Schönes Panorama Restaurant mit top Aussicht,0,5.0,2018-07-31 20:07:13.987,24,False,"['Bedienung', 'Essen', 'Restaurant', 'Aussicht']","['Positive', 'Positive', 'Positive', 'Positive']","[0.9986, 0.9987, 0.9985, 0.9976]","[[3], [6], [10], [13]]"
585827,Riwa Gastro AG,Restaurant,Immer wieder  ist wunderschön dort,0,5.0,2018-07-31 15:12:20.689,10,False,['dort'],['Positive'],[0.9978],[[4]]
585827,Riwa Gastro AG,Restaurant,"Das Essen war Top! Sehr sehr lecker! Das Gemüse war sehr frisch, da bezahlt man gerne mal einbisschen mehr!
Jedoch könnte die Bedienung etwas freundlicher sein.",0,3.0,2018-07-30 13:47:32.807,51,False,"['Essen', 'Gemüse', 'Bedienung']","['Positive', 'Positive', 'Positive']","[0.9964, 0.996, 0.9457]","[[1], [10], [26]]"
585827,Riwa Gastro AG,Restaurant,"Grosszügig..einladendes Restaurant,mit vielen Parkplätzen.
Gutes Preisleistungsverhältnis.",0,5.0,2018-07-30 13:25:37.419,26,False,"['Restaurant', 'Parkplätzen', 'Preisleistungsverhältnis']","['Positive', 'Positive', 'Positive']","[0.9979, 0.9979, 0.9857]","[[4], [8], [11]]"
585827,Riwa Gastro AG,Restaurant,Délicieux,0,5.0,2018-07-29 16:06:41.256,5,False,[],[],[],[]
585827,Riwa Gastro AG,Restaurant,"Gutes Essen, schöne Aussicht, moderne Möbilierung, helle Räume, grosse Aussenterrasse und freundliches Personal",0,5.0,2018-07-29 09:21:36.579,31,False,"['Essen', 'Aussicht', 'Möbilierung', 'Räume', 'Aussenterrasse', 'Personal']","['Positive', 'Positive', 'Positive', 'Positive', 'Positive', 'Positive']","[0.9984, 0.9985, 0.9985, 0.9982, 0.9951, 0.9643]","[[1], [4], [7], [10], [13], [16]]"
585827,Riwa Gastro AG,Restaurant,Sehr schönes und gemütliches restaurant. Da stimmt das Preis Leistunngsverhältnis. Nachteil bei. Mehreren personen lange vorher reservieren,0,4.0,2018-07-28 22:47:16.465,36,False,"['restaurant', 'Preis']","['Positive', 'Positive']","[0.9883, 0.8429]","[[4], [9]]"
585827,Riwa Gastro AG,Restaurant,Einfach alles super...kommen immer gerne wieder,0,5.0,2018-07-28 09:44:19.360,12,False,[],[],[],[]
585827,Riwa Gastro AG,Restaurant,"Sehr leckeres Essen, tolle Aussicht, guter Service. Alles was das Herz begehrt an einem herrlichen Sommerabend.",0,4.0,2018-02-10 15:44:45.508,33,False,"['Essen', 'Aussicht', 'Service']","['Positive', 'Positive', 'Positive']","[0.9987, 0.9988, 0.9986]","[[2], [5], [8]]"
585827,Riwa Gastro AG,Restaurant,"Essen sehr gut, die Bedienung war zwar Klasse wirkte aber überfordert",0,4.0,2018-07-26 04:26:56.917,19,False,"['Essen', 'Bedienung']","['Positive', 'Positive']","[0.9937, 0.5777]","[[0], [5]]"
585827,Riwa Gastro AG,Restaurant,Sehr gutes Essen. Immer freundlich. Schöne Lage mit Blick auf den Zürichsee. Bis wieder Mal. 😎,0,5.0,2018-07-23 21:22:34.312,31,False,"['Essen', 'Lage', 'Zürichsee']","['Positive', 'Positive', 'Positive']","[0.9987, 0.9988, 0.9987]","[[2], [8], [13]]"
585827,Riwa Gastro AG,Restaurant,"Ein schönes Erlebniss für die Kinder, die draussend viel spielen können. Aber  wir haben 1 Stunde 15 Minuten für das Essen gewartet, sie haben 2 Gerichte fer Kindern vergessen, und besonders unsympatysch war Tram. Schade, so schön für die Kinder aber das Service lohnt es nicht, unser letztes Besuch...",3,1.0,2018-07-22 17:12:43.961,79,False,"['Essen', 'Tram', 'Service']","['Negative', 'Negative', 'Negative']","[0.5213, 0.9594, 0.9353]","[[22], [37], [48]]"
585827,Riwa Gastro AG,Restaurant,"Gutes Essen, gute Bedienung. Mehr ist nicht zu Sagen",0,5.0,2018-07-22 01:42:17.546,17,False,"['Essen', 'Bedienung']","['Positive', 'Positive']","[0.9983, 0.9985]","[[1], [4]]"
585827,Riwa Gastro AG,Restaurant,"Freundliche Bedienung, sehr gute Küche schöne Atmosphäre",0,5.0,2018-07-15 14:59:43.136,16,False,"['Bedienung', 'Küche', 'Atmosphäre']","['Positive', 'Positive', 'Positive']","[0.9983, 0.9984, 0.9982]","[[1], [5], [7]]"
585827,Riwa Gastro AG,Restaurant,"Sehr guter Service, tolles Essen und stimmiges Ambiente auf der Terrasse. Perfekt!",0,5.0,2018-07-14 21:15:07.873,24,False,"['Service', 'Essen', 'Ambiente', 'Terrasse']","['Positive', 'Positive', 'Positive', 'Positive']","[0.9983, 0.9873, 0.9976, 0.8561]","[[2], [5], [8], [11]]"
585827,Riwa Gastro AG,Restaurant,Wie immer sehr gut und alle sehr freundlich,0,5.0,2018-07-14 19:58:24.694,13,False,[],[],[],[]
585827,Riwa Gastro AG,Restaurant,"Sehr schönes Restaurant, freundliches Personal und sehr feine Glace. Kommen gerne wieder",0,5.0,2018-07-14 16:08:06.594,25,False,"['Restaurant', 'Personal', 'Glace']","['Positive', 'Positive', 'Positive']","[0.9986, 0.9987, 0.9986]","[[2], [5], [9]]"
585827,Riwa Gastro AG,Restaurant,"Freundliche Bedienung, gutes Essen",0,5.0,2018-07-08 15:44:18.443,10,False,"['Bedienung', 'Essen']","['Positive', 'Positive']","[0.998, 0.9981]","[[1], [4]]"
585827,Riwa Gastro AG,Restaurant,"Je nach Wetter draussen (wunderbare Aussicht), oder eben auch drinnen (schönes Ambiente). Viel Platz vorhanden und trotz der zahlreichen Gäste durfte ich einen schnellen und auch sehr freundlichen Service erfahren. Top! Leckere Desserts Kaffee und Kuchen, lädt ein, auch mal das ""normale"" Essen auszuprobieren. Vorbildlich sauberer Toilettenbereich. Viele Parkplätze vorhanden, leider auf der anderen Strassenseite (Raserstrecke). Als Ausflugsziel in der Nähe zu empfehlen.",0,5.0,2018-07-08 14:45:33.874,131,False,[],[],[],[]
585827,Riwa Gastro AG,Restaurant,Gutes Essen und Trinken,1,5.0,2018-07-04 16:34:15.163,8,False,"['Essen', 'Trinken']","['Positive', 'Positive']","[0.9979, 0.9981]","[[1], [3]]"
585827,Riwa Gastro AG,Restaurant,Sehr schöne Aussicht. Angenehmer Service. Essen ist ok.,0,4.0,2018-04-24 11:41:39.882,17,False,"['Aussicht', 'Service', 'Essen']","['Positive', 'Positive', 'Neutral']","[0.9947, 0.5676, 0.6712]","[[2], [5], [7]]"
585827,Riwa Gastro AG,Restaurant,hammer. immer super essen,0,5.0,2018-06-25 21:57:30.399,8,False,['essen'],['Positive'],[0.9982],[[4]]
585827,Riwa Gastro AG,Restaurant,"Ausgezeichnetes Essen. Schöne Terrasse, aber schade dass man Strassenlärm hört.",0,5.0,2018-06-23 13:57:47.511,23,False,"['Essen', 'Terrasse']","['Positive', 'Positive']","[0.9967, 0.9938]","[[1], [4]]"
585827,Riwa Gastro AG,Restaurant,Jedes Mal super essen und tolle Bedienung. Aussicht auf der Terrasse ist sensationell,0,5.0,2018-06-23 12:11:37.039,22,False,"['essen', 'Bedienung', 'Aussicht', 'Terrasse']","['Positive', 'Positive', 'Positive', 'Positive']","[0.9984, 0.9984, 0.9985, 0.9969]","[[3], [6], [8], [11]]"
585827,Riwa Gastro AG,Restaurant,Restaurant mit toller Aussicht grosser Terrasse. Modernes Restaurant mit aufmerksamem  Service. Gutes Essen angemessene Portionen.,0,4.0,2018-06-21 15:33:13.555,31,False,"['Aussicht', 'Terrasse', 'Service', 'Essen']","['Positive', 'Positive', 'Positive', 'Positive']","[0.9967, 0.9944, 0.9746, 0.9235]","[[3], [5], [11], [14]]"
585827,Riwa Gastro AG,Restaurant,"Freundliche schnelle Bedienung, coole Atmosphäre, feines Essen",0,5.0,2018-06-19 09:24:26.916,18,False,"['Bedienung', 'Atmosphäre', 'Essen']","['Positive', 'Positive', 'Positive']","[0.9985, 0.9984, 0.9965]","[[2], [5], [8]]"
585827,Riwa Gastro AG,Restaurant,Einfach GUT 👍,0,4.0,2018-06-15 15:00:12.602,8,False,[],[],[],[]
585827,Riwa Gastro AG,Restaurant,"Für diesen Preis erwarte ich einfach mehr. Die Getränke zum anstoßen kamen mit 10 Minuten Differenz. Genau wie der Nachtisch, Als Bananen Split und Himbeereis gegessen waren ist die Schatztruhe (Kindereis fix Fertig) und der Kaffee dann auch mal gekommen. Die Desertkarte mussten wir und selber vom Nachbartisch holen.",1,2.0,2018-06-08 13:24:22.587,85,False,"['Preis', 'Getränke', 'Kaffee', 'Desertkarte']","['Negative', 'Negative', 'Neutral', 'Neutral']","[0.8994, 0.5288, 0.8563, 0.8447]","[[2], [9], [40], [47]]"
585827,Riwa Gastro AG,Restaurant,Einfach immer super,0,5.0,2018-06-01 17:28:51.867,6,False,[],[],[],[]
585827,Riwa Gastro AG,Restaurant,Hervorragend in Qualität und Preis,0,5.0,2018-06-01 11:43:12.491,9,False,"['Qualität', 'Preis']","['Positive', 'Positive']","[0.9984, 0.9983]","[[2], [4]]"
585827,Riwa Gastro AG,Restaurant,Essen sehr gut,0,5.0,2018-05-30 16:39:54.525,6,False,['Essen'],['Positive'],[0.9977],[[0]]
585827,Riwa Gastro AG,Restaurant,Super!,0,5.0,2018-05-27 07:35:03.292,4,False,[],[],[],[]
577402,Restaurant Blume GmbH,Fish restaurant,Sehr leckeres und exquisites Essen und wunderschön angerichtet. Der Service war sehr freundlich. Auch der Wein war hervorragend. Ich kann es nur empfehlen und komme sehr gerne bald wieder!,0,5.0,2024-09-10 13:16:22.419,48,False,"['Essen', 'Service', 'Wein']","['Positive', 'Positive', 'Positive']","[0.9985, 0.9985, 0.9985]","[[4], [10], [17]]"
577402,Restaurant Blume GmbH,Fish restaurant,Ich war Essen und es war exzellent. Komme gerne wieder,0,5.0,2024-06-29 15:38:20.528,17,False,['Essen'],['Positive'],[0.9982],[[2]]
577402,Restaurant Blume GmbH,Fish restaurant,"Sehr freundlicher Empfang, trotz extrem verspäteter Anreise mitten in der Nacht.
Gut geschlafen und ein leckeres Frühstück genossen. MERCI!",1,5.0,2024-06-12 16:44:14.498,40,False,"['Empfang', 'Frühstück']","['Positive', 'Positive']","[0.9945, 0.9925]","[[2], [18]]"
577402,Restaurant Blume GmbH,Fish restaurant,"Die Speisekarte ist nicht extrem gross, aber die Gerichte sind vorzüglich. Es wird frisch und mit viel Liebe gekocht. Wir kommen gerne wieder.",0,5.0,2024-05-22 05:59:30.164,37,False,"['Speisekarte', 'Gerichte']","['Neutral', 'Positive']","[0.4677, 0.9374]","[[1], [9]]"
577402,Restaurant Blume GmbH,Fish restaurant,Hervorragend gegessen und sehr guten Wein getrunken. Schönes Restaurant. Kann ich sehr empfehlen.,0,5.0,2024-05-22 05:58:39.153,27,False,"['Wein', 'Restaurant']","['Positive', 'Positive']","[0.9987, 0.9985]","[[5], [9]]"
577402,Restaurant Blume GmbH,Fish restaurant,Ich bin jedes Jahr geschäftlich in St.Gallen und arbeite gleich nebenan am BZGS. Jedes Jahr werden wir von der Küche verwöhnt. Wirklich Gourmet. Sehr freundliche Bedienung und leckeres Weinsortiment,0,4.0,2024-05-01 20:14:43.229,55,False,"['Küche', 'Bedienung', 'Weinsortiment']","['Positive', 'Positive', 'Positive']","[0.9976, 0.997, 0.9968]","[[22], [30], [33]]"
577402,Restaurant Blume GmbH,Fish restaurant,Sehr gutes Essen und superfreundliche Bedienung.,1,5.0,2024-04-09 11:08:41.388,13,False,"['Essen', 'Bedienung']","['Positive', 'Positive']","[0.9983, 0.9985]","[[2], [5]]"
577402,Restaurant Blume GmbH,Fish restaurant,Sehr feines Essen in einem einfach gehaltenen Ambiente. Herzliche und zuvorkommende Bewirtung.,0,5.0,2024-03-16 06:58:10.741,28,False,"['Essen', 'Ambiente', 'Bewirtung']","['Positive', 'Positive', 'Positive']","[0.9809, 0.8552, 0.9753]","[[2], [7], [12]]"
577402,Restaurant Blume GmbH,Fish restaurant,Top! Sehr gute Qualität und sehr freundliches Personal.,0,5.0,2024-01-25 16:27:40.973,17,False,"['Qualität', 'Personal']","['Positive', 'Positive']","[0.9986, 0.9984]","[[4], [8]]"
577402,Restaurant Blume GmbH,Fish restaurant,"Köstliches, innovatives Restaurant und sehr freundliche Gastgeber, welche die Gäste mit ihrer Herzlichkeit gerne und gut verwöhnen.",1,5.0,2024-01-17 09:25:26.475,36,False,"['Restaurant', 'Gastgeber']","['Positive', 'Positive']","[0.9988, 0.9988]","[[3], [7]]"
577402,Restaurant Blume GmbH,Fish restaurant,"Unser Nachtessen heute Abend im Restaurant Blume war ein Traum! Ausgezeichneter Service und herzliche Gastfreundschaft vom Eintreten bis zum Abschied. Eine sehr einfallsreiche Speisekarte, und was dann auf den Tisch kommt - von der Karte und der Tages-Fischempfehlung - ist absolut erstklassig für den Gaumen und auch fürs Auge. Der glasweise dazu bestellte Wein mundet ebenfalls sehr.
Danke, Herr Koltan, für den vorbildlichen Service, und Frau Koltan, für ihre Delikatessen aus der Küche.
Gerne bald wieder!",1,5.0,2023-12-30 20:33:17.634,133,False,[],[],[],[]
577402,Restaurant Blume GmbH,Fish restaurant,Sehr aufmerksamer und freundlicher Service!,1,5.0,2023-10-02 11:04:37.683,13,False,['Service'],['Positive'],[0.9984],[[4]]
577402,Restaurant Blume GmbH,Fish restaurant,Sehr gute Küche und herzliche Bedienung,0,5.0,2023-09-09 12:24:28.367,12,False,"['Küche', 'Bedienung']","['Positive', 'Positive']","[0.9983, 0.9983]","[[2], [5]]"
577402,Restaurant Blume GmbH,Fish restaurant,"Super Essen, guter Service",0,5.0,2023-07-19 08:27:23.290,8,False,"['Essen', 'Service']","['Positive', 'Positive']","[0.998, 0.9981]","[[1], [4]]"
577402,Restaurant Blume GmbH,Fish restaurant,Wir haben gestern Abend gegessen. Der Koch ist ein wahrer Meister der Küche. Schöner dezenter Service. Wunderbar Dankeschön,0,5.0,2023-07-12 03:37:18.914,31,False,"['Koch', 'Service']","['Positive', 'Positive']","[0.9975, 0.9734]","[[7], [17]]"
577402,Restaurant Blume GmbH,Fish restaurant,"Gutes Restaurant, sehr freundliche Bedienung. Zimmer einfach, aber sauber und funktionell. Dusche auf Etage, ebenfalls einwandfrei sauber. Tip: An heissen Tagen b Kellner einen Ventilator ausleihen. Gute Lage: Busstation Grütlistrasse 50m. Bus z  Olma via Marktplatz Bohl (8tung Gmaps = Irrwege). Fazit: gutes Preis/Leistungsverhältnis",0,4.0,2023-06-23 17:12:10.810,95,False,"['Restaurant', 'Bedienung', 'Zimmer', 'Dusche', 'Lage']","['Positive', 'Positive', 'Positive', 'Positive', 'Positive']","[0.9682, 0.8958, 0.8032, 0.7575, 0.9727]","[[1], [5], [7], [15], [35]]"
577402,Restaurant Blume GmbH,Fish restaurant,"Wie immer sehr angenehm, sehr gute Küche",0,5.0,2023-06-10 18:49:14.126,14,False,['Küche'],['Positive'],[0.9984],[[7]]
577402,Restaurant Blume GmbH,Fish restaurant,"Excellenter Service, wahnsinns Küche und tolles Ambiente. Kann ich jedem empfehlen. Etwas vom Besten was die St. Galler Gastronomie zu bieten hat.",1,5.0,2023-05-07 19:31:43.666,40,False,"['Service', 'Küche', 'Ambiente']","['Positive', 'Positive', 'Positive']","[0.9985, 0.9986, 0.9986]","[[1], [4], [7]]"
577402,Restaurant Blume GmbH,Fish restaurant,"...einfach immer wieder ein schönes Erlebinis, gute Bedienung und sehr feines Essen, komme gerne...",1,5.0,2023-04-19 05:52:55.880,28,False,"['Erlebinis', 'Bedienung', 'Essen']","['Positive', 'Positive', 'Positive']","[0.9988, 0.9986, 0.9975]","[[8], [11], [15]]"
577402,Restaurant Blume GmbH,Fish restaurant,"Super Restaurant.
Waren hier nach einer Beerdigung mit vielen Leuten. Wir wurden sehr nett empfangen und bekamen ein super Buffet. Das Buffet wurde auch immer aufgefüllt und war mit viel Mühe dekoriert. Währenddessen fragten sie ab und zu ob wir etwas zu trinken wollen. Danach gab es einen super Dessert.
Danke",1,5.0,2023-03-08 17:38:33.077,88,False,"['Restaurant', 'Buffet', 'Dessert']","['Positive', 'Positive', 'Positive']","[0.997, 0.9932, 0.9959]","[[1], [21], [54]]"
577402,Restaurant Blume GmbH,Fish restaurant,"Wir haben fein zu Mittag gegessen, sehr zuvorkommender Service",0,5.0,2023-03-08 13:38:30.917,18,False,['Service'],['Positive'],[0.9974],[[9]]
577402,Restaurant Blume GmbH,Fish restaurant,Das Essen hier ist sehr lecker.,1,5.0,2023-03-01 15:35:53.126,11,False,['Essen'],['Positive'],[0.9981],[[1]]
577402,Restaurant Blume GmbH,Fish restaurant,Freundliche Bedienung und gutes Essen. Dankeschön für die tolle Erlebnis.,0,5.0,2023-02-25 18:21:22.172,20,False,"['Bedienung', 'Essen']","['Positive', 'Positive']","[0.9984, 0.9985]","[[1], [4]]"
577402,Restaurant Blume GmbH,Fish restaurant,"Unsere Erwartungen wurden übertroffen.
Sehr herzliche und aufmerksame Gastgeber. Kann dieses Lokal extrem empfehlen.",0,5.0,2023-02-14 21:45:05.306,31,False,"['Gastgeber', 'Lokal']","['Positive', 'Positive']","[0.9983, 0.9951]","[[9], [13]]"
577402,Restaurant Blume GmbH,Fish restaurant,"Beste ""Kalbsmetzgätä"" wo ich kenne auf dem Platz St.Gallen...für uns schon ein muss zum hingehen...",0,5.0,2022-11-04 08:44:35.168,31,False,['Kalbsmetzgätä'],['Positive'],[0.9986],[[2]]
577402,Restaurant Blume GmbH,Fish restaurant,"sehr freundliche Bedienung und ausgezeichnetes Essen in angenehmer Atmosphäre zu angemessenen Preisen, Reservierung empfohlen, kann ich nur weiterempfehlen, einfach Top, Bravo!",0,5.0,2022-10-20 15:27:00.520,44,False,"['Bedienung', 'Essen', 'Atmosphäre', 'Preisen', 'Reservierung']","['Positive', 'Positive', 'Positive', 'Positive', 'Positive']","[0.9974, 0.9857, 0.9618, 0.9712, 0.9843]","[[2], [5], [8], [11], [13]]"
577402,Restaurant Blume GmbH,Fish restaurant,"I came here at 9:45pm, over an hour before closing time. The waiter said I couldn’t eat there, I’m not sure why…. Very disappointing because it was a long walk to get here. I felt very unwelcome.",1,1.0,2022-06-17 19:51:29.890,62,False,['waiter'],['Negative'],[0.8811],[[16]]
577402,Restaurant Blume GmbH,Fish restaurant,"Meine Partnerin und ich waren heute zum Abendessen beide zum ersten Mal im Restaurant Blume. Die Speisekarte hat ein grosses Fisch- und Wild-Angebot (saisonal bedingt), sowie ein leckeres Wochenmenü.

Wir haben uns für das Wild entschieden. Für mich gab es Rehrückenfilet an Lebkuchensauce mit Schupfnudeln und Herbstgemüse; für meine Partnerin Zweierlei vom Hirsch mit Quarkspätzli und Herbstgemüse.

Beides hat unsere Erwartungen übertroffen. Das Wirtepaar ist zudem sehr freundlich und zuvorkommend.",1,5.0,2021-11-02 20:52:14.792,140,False,[],[],[],[]
577402,Restaurant Blume GmbH,Fish restaurant,Super Freundlich und sehr fein und saisonal.,0,5.0,2021-10-25 17:28:59.661,13,False,[],[],[],[]
577402,Restaurant Blume GmbH,Fish restaurant,Freundlich,0,5.0,2021-10-06 19:00:46.594,4,False,[],[],[],[]
577402,Restaurant Blume GmbH,Fish restaurant,Good place to rest one night when in travel. Not expensive and a good restaurant too.,0,5.0,2021-08-18 15:23:23.045,23,False,"['place', 'restaurant']","['Positive', 'Positive']","[0.9804, 0.967]","[[1], [15]]"
577402,Restaurant Blume GmbH,Fish restaurant,Netter Wirt. Tische im Freien. Preise normal. Empfehlenswert.,0,5.0,2021-08-14 12:15:50.682,20,False,"['Wirt', 'Tische', 'Preise']","['Positive', 'Positive', 'Positive']","[0.8479, 0.7003, 0.6028]","[[1], [3], [7]]"
577402,Restaurant Blume GmbH,Fish restaurant,Gut kene die Blume schon mehrere Jahre war immer zufrieden,1,5.0,2021-05-15 12:32:59.606,16,False,['Blume'],['Positive'],[0.9982],[[3]]
577402,Restaurant Blume GmbH,Fish restaurant,"Sehr gute Auswahl an Speisen, fairer Preis und toller freundlicher Service.
Kinderportion aus dem normalen Essen gemacht für  das Kind gemacht. Alles sehr schön angerichtet.
Einziges Manko: das Essen sollte wesentlich wärmer serviert werden.
WLAN kostenlos.
Ausreichend Parkplätze.",0,5.0,2020-12-01 10:20:39.688,77,False,"['Speisen', 'Preis', 'Service', 'WLAN', 'Parkplätze']","['Positive', 'Positive', 'Positive', 'Positive', 'Positive']","[0.9534, 0.9036, 0.7574, 0.9741, 0.975]","[[4], [7], [11], [40], [44]]"
577402,Restaurant Blume GmbH,Fish restaurant,"Unscheinbar, mit freundlichen Service und sehr gutem Essen",0,5.0,2020-11-14 07:21:23.394,17,False,"['Service', 'Essen']","['Positive', 'Positive']","[0.9982, 0.9979]","[[4], [8]]"
577402,Restaurant Blume GmbH,Fish restaurant,"Sehr feines Essen, schön angerichtet,und sehr freundlicher und aufmerksamer Service.
Tolle Atmosphäre man fühlt sich sofort wohl.
Gerne kommen wir wieder!😁",0,5.0,2020-10-16 13:42:21.341,44,False,"['Essen', 'Service', 'Atmosphäre']","['Positive', 'Positive', 'Positive']","[0.9986, 0.9986, 0.9986]","[[2], [12], [15]]"
577402,Restaurant Blume GmbH,Fish restaurant,"Sympathischer Gastgeber, gemütliche Location und tolle Speisen",0,5.0,2020-10-16 12:08:24.784,18,False,"['Gastgeber', 'Location', 'Speisen']","['Positive', 'Positive', 'Positive']","[0.9985, 0.9984, 0.9977]","[[1], [4], [7]]"
577402,Restaurant Blume GmbH,Fish restaurant,"In einer Zeit des Wandels ist es unvorstellbar, dass Sie Kalbsmetzgete als Gourmet Metzgete bewerben. Diese Babies, die Sie da bewerben, wurden 9 Monate von einer Mutterkuh sorgfältig ausgetragen. Wie wagen Sie es, zu bewerben, dass neu geborenes Leben als Festtagsschmaus beendet wird und werben auch noch dafür? Informieren Sie sich mal, Ende dieser barbarischen Riten, wir leben nicht mehr im Steinzeitalter und die Märkte sind voller voller Lebensmittel.  Übrigens haben wir Covid 19 nur Fleischfressern zu verdanken. Gehen Sie mit der Zeit und bieten VEGANES Essen an. Macht deutlich mehr Sinn.",0,1.0,2020-10-04 10:13:32.806,169,False,[],[],[],[]
577402,Restaurant Blume GmbH,Fish restaurant,"Sehr feines Essen, sehr freundliche und kinderfreundliche Gastgeber 👍",0,5.0,2020-08-27 17:57:24.056,19,False,"['Essen', 'Gastgeber']","['Positive', 'Positive']","[0.9986, 0.9986]","[[2], [8]]"
577402,Restaurant Blume GmbH,Fish restaurant,"Wir kommen regelmässig in die Blume - sehr gute und frische Gerichte, netter Service. Einfach top.",0,5.0,2020-06-11 07:59:01.333,31,False,"['Gerichte', 'Service']","['Positive', 'Positive']","[0.9985, 0.998]","[[11], [14]]"
577402,Restaurant Blume GmbH,Fish restaurant,"Ausgezeichnete Küche mit frischen regionalen Produkten und sehr freundliche Besitzer und Bedienung. Und hier gibt es das köstlichste Lahamacun, das ich jemals gegessen habe! Ein Geheimtipp als Vorspeise oder Zwischenmahlzeit.",0,5.0,2020-06-06 09:56:21.037,60,False,"['Küche', 'Produkten', 'Besitzer', 'Bedienung', 'Lahamacun']","['Positive', 'Positive', 'Positive', 'Positive', 'Positive']","[0.9984, 0.9985, 0.9985, 0.9984, 0.9968]","[[1], [5], [9], [11], [19]]"
577402,Restaurant Blume GmbH,Fish restaurant,Ist okay.,0,3.0,2020-02-24 19:54:29.824,6,False,[],[],[],[]
577402,Restaurant Blume GmbH,Fish restaurant,Sehr exquisites und köstliches Essen! Absolut wunderbar angerichtet und sehr liebes und aufmerksames Personal! ❤️ Da geht man gerne öfters hin als Highlight im Jahr! ❤️👍🏻,0,5.0,2020-02-21 22:06:12.931,51,False,"['Essen', 'Personal']","['Positive', 'Positive']","[0.9987, 0.9987]","[[6], [16]]"
577402,Restaurant Blume GmbH,Fish restaurant,Freundlich und gutes Essen,0,5.0,2020-02-21 12:35:05.055,8,False,['Essen'],['Positive'],[0.9981],[[3]]
577402,Restaurant Blume GmbH,Fish restaurant,"Ausgezeichnete Fischküche, aufmerksamer freundlicher Service",0,5.0,2020-01-30 10:22:51.646,15,False,"['Fischküche', 'Service']","['Positive', 'Positive']","[0.9985, 0.9975]","[[1], [5]]"
577402,Restaurant Blume GmbH,Fish restaurant,"Top Bedienung, ausgezeichnetes Essen, vernünftige Preise.",0,5.0,2019-12-28 22:13:05.372,18,False,"['Bedienung', 'Essen', 'Preise']","['Positive', 'Positive', 'Positive']","[0.9977, 0.9824, 0.7692]","[[1], [4], [7]]"
577402,Restaurant Blume GmbH,Fish restaurant,"Freundliches Wirtepaar, bewirtet den Gast mit viel Herzblut in schöner restaurierten kleinen ehemaligen Gaststube mit hervorragendem Essen. Das alles noch Preiswert..",1,5.0,2019-12-14 23:04:41.968,43,False,"['Wirtepaar', 'Gaststube', 'Essen']","['Positive', 'Positive', 'Positive']","[0.9984, 0.9976, 0.9957]","[[1], [14], [17]]"
577402,Restaurant Blume GmbH,Fish restaurant,"Positive: Well, I travel alone, so it's really good for 1 person.. staff is very friendly.. I would still check in there whenever I visit Saint Gall...",0,0.0,2019-12-02 23:59:59.999,46,False,['staff'],['Positive'],[0.9968],[[19]]
577402,Restaurant Blume GmbH,Fish restaurant,Positive: Excellent. Negative: Bathroom.,0,0.0,2019-10-31 23:59:59.999,12,False,['Bathroom'],['Negative'],[0.943],[[6]]
577402,Restaurant Blume GmbH,Fish restaurant,Sehr gutes Essen in einem schönen Lokal mit gutem Service und einem Preis Leistungsverhältnis der passt.,0,5.0,2019-09-29 05:12:21.553,27,False,"['Essen', 'Lokal', 'Service']","['Positive', 'Positive', 'Positive']","[0.9983, 0.9977, 0.9965]","[[2], [6], [9]]"
577402,Restaurant Blume GmbH,Fish restaurant,"Personal-Ausflug vom 12. Sept.2019 (mit 43 Personen) und vom 26. Sept. 2019 (mit 40 Personen)
Alters- und Pflegeheim ""Biberzelten"", Lachen SZ

Empfang, Organisation und Kommunikation mit Herr Koltan & seinem Team: freundlich, einladend, professionell 👏
Service, Essen und Betreuung:
Alles über unseren Erwartungen, excellenter Hauswein, gute Portionen (inkl. Nachservice)
Das alles stimmt überein mit den Rezensionen. Klein, fein und überaus freundlich - also wirklich ein echter Geheimtip!!!
👍🤩👍🙋‍♂️",1,5.0,2019-09-26 17:34:57.671,137,False,[],[],[],[]
577402,Restaurant Blume GmbH,Fish restaurant,"Perfekter Abend. Essen, Wein, Gespräche, Atmosphäre, ... alles top. Schade das Beat St. Gallen verlässt. Alles gute in Bern!",1,5.0,2019-09-15 12:07:47.523,39,False,"['Essen', 'Wein', 'Gespräche', 'Atmosphäre']","['Positive', 'Positive', 'Positive', 'Positive']","[0.9981, 0.9982, 0.9982, 0.9975]","[[3], [5], [7], [9]]"
577402,Restaurant Blume GmbH,Fish restaurant,"Positive: I made the booking at very short notice on a Sunday when the restaurant was closed, but still the owner opened up the hotel for me when I arrived.  The single room is small but sufficient and has everything that is needed.  The price is considerably more affordable than any of the bigger hotels in St. Gallen and for Switzerland, is very good value.  There is a small but useful Coop supermarket a minute's walk from the hotel that is also open on Sunday's which is rare here.  The number 1 and 2 buses are frequent to and from town and St. Fiden station is a 10 minute walk.    The staff in the hotel are helpful and have been very accommodating.. Negative: There is only one toilet and shower for all five rooms.  This has not been a problem however since the hotel has not been very busy..",0,0.0,2019-09-08 23:59:59.999,201,False,[],[],[],[]
577402,Restaurant Blume GmbH,Fish restaurant,Positive: Owner friendly and easygoing as well as the staff!.,0,0.0,2019-09-05 23:59:59.999,18,False,"['Owner', 'staff']","['Positive', 'Positive']","[0.9983, 0.9967]","[[2], [10]]"
577402,Restaurant Blume GmbH,Fish restaurant,"Wir waren in der Blume zu einem Traueressen. Das Essen war hervorragend, die Bedienung und der Chef sehr sehr freundlich und hilfsbereit. Danke Ihnen vielmals!",0,5.0,2019-08-16 06:33:08.896,47,False,"['Essen', 'Bedienung', 'Chef']","['Positive', 'Positive', 'Positive']","[0.9965, 0.9982, 0.9982]","[[10], [15], [18]]"
577402,Restaurant Blume GmbH,Fish restaurant,"Das Abendessen war perfekt: frisch, regional und originell. Sehr freundlicher Service. Kann ich nur weiterempfehlen.",0,5.0,2019-06-29 19:26:57.344,29,False,"['Abendessen', 'Service']","['Positive', 'Positive']","[0.9981, 0.9985]","[[1], [13]]"
577402,Restaurant Blume GmbH,Fish restaurant,Positive: Bed extra. Negative: Bigger room.,0,0.0,2019-06-28 23:59:59.999,15,False,"['Bed', 'room']","['Positive', 'Negative']","[0.9701, 0.5126]","[[2], [8]]"
577402,Restaurant Blume GmbH,Fish restaurant,"Sehr gutes Mittagsmenü, komme gerne wieder",0,5.0,2019-06-25 10:29:03.565,14,False,['Mittagsmenü'],['Positive'],[0.9986],[[2]]
577402,Restaurant Blume GmbH,Fish restaurant,Sehr guter Service und geniales Essen.,0,5.0,2019-06-20 16:10:27.994,12,False,"['Service', 'Essen']","['Positive', 'Positive']","[0.9982, 0.9983]","[[2], [5]]"
577402,Restaurant Blume GmbH,Fish restaurant,pestele este genial,0,5.0,2019-06-07 13:44:34.700,6,False,['pestele'],['Positive'],[0.9975],[[0]]
577402,Restaurant Blume GmbH,Fish restaurant,"Herzlicher willkommen, gutes Essen und aufmerksames Personal. Danke 👍",0,5.0,2019-05-03 11:04:13.909,21,False,"['Essen', 'Personal']","['Positive', 'Positive']","[0.9986, 0.9985]","[[4], [7]]"
577402,Restaurant Blume GmbH,Fish restaurant,Sehr feinws Essen,0,5.0,2019-04-10 11:54:58.036,7,False,['Essen'],['Negative'],[0.8543],[[2]]
577402,Restaurant Blume GmbH,Fish restaurant,Sehr feines Essen und höfliche Bedienung,0,5.0,2019-03-25 14:34:47.303,12,False,"['Essen', 'Bedienung']","['Positive', 'Positive']","[0.9978, 0.9978]","[[2], [5]]"
577402,Restaurant Blume GmbH,Fish restaurant,Top.hostal,0,5.0,2019-03-03 06:57:26.659,6,False,['hostal'],['Positive'],[0.9971],[[2]]
577402,Restaurant Blume GmbH,Fish restaurant,Sehr gutes Essen und sehr nette Personen.,0,5.0,2019-01-20 12:41:42.760,14,False,"['Essen', 'Personen']","['Positive', 'Positive']","[0.9984, 0.9984]","[[2], [6]]"
577402,Restaurant Blume GmbH,Fish restaurant,Delicious food 👌🙏🏼,0,5.0,2019-01-15 21:24:30.572,9,False,['food'],['Positive'],[0.9982],[[1]]
577402,Restaurant Blume GmbH,Fish restaurant,"Das Restaurant hat ein grosszügiges Ambiente, es ist kürzlich Umgebaut worden. Die Räume sind sehr hell, mit alten schönen Balken. Die Küche ist professionell eingerichtet, die Gartenterrasse ist Wunderschön und im Schatten. Das Essen und Dessert ist Spitze mit freundlichen Bedienung. Es ist Zeit dieses Restaurant zu Entecken. Cool.",1,5.0,2018-12-03 17:22:24.838,81,False,"['Restaurant', 'Ambiente', 'Räume', 'Küche', 'Gartenterrasse', 'Essen', 'Dessert', 'Bedienung']","['Positive', 'Positive', 'Positive', 'Positive', 'Positive', 'Positive', 'Positive', 'Positive']","[0.9631, 0.9692, 0.9807, 0.9918, 0.9922, 0.9883, 0.99, 0.9907]","[[1], [5], [14], [25], [31], [39], [41], [46]]"
577402,Restaurant Blume GmbH,Fish restaurant,Einfach fein 😊,0,5.0,2018-11-29 22:51:17.070,7,False,[],[],[],[]
577402,Restaurant Blume GmbH,Fish restaurant,Sehr zuvorkommender service und schön angerrichtete teller,0,5.0,2018-10-25 12:20:27.396,17,False,"['service', 'teller']","['Positive', 'Positive']","[0.9978, 0.9979]","[[2], [6]]"
577402,Restaurant Blume GmbH,Fish restaurant,"Ich war heute dort Mittagessen . Sehr zuvorkommendes und umsichtiges Personal.Preis Leistung ist angemessen gegenüber den Speisen und sehr Gut. Alles in allem sehr gerne wieder zu Besuch.
(Einziger Stern Abzug - Location)",0,4.0,2018-09-26 23:00:58.703,63,False,"['Personal', 'Preis', 'Speisen', 'Location']","['Positive', 'Positive', 'Positive', 'Positive']","[0.6888, 0.6606, 0.6947, 0.9707]","[[10], [12], [18], [37]]"
577402,Restaurant Blume GmbH,Fish restaurant,"Dieses Restaurant ist viel zu wenig bekannt im Vergleich zu dem guten Essen, dass es hier gibt. Die Küche zaubert aus vorwiegend regionalen Produkten ein einzigartiges und köstliches Menu. Der Preis stimmt auch. Einen Besuch auf jeden Fall wert.",0,5.0,2018-09-26 05:32:58.012,64,False,"['Restaurant', 'Essen', 'Küche', 'Menu', 'Preis']","['Positive', 'Positive', 'Positive', 'Positive', 'Positive']","[0.8106, 0.9856, 0.9844, 0.9934, 0.9949]","[[1], [12], [20], [30], [33]]"
577402,Restaurant Blume GmbH,Fish restaurant,Ich gehe sehr gerne zur Familie Koltan. Sie sind sehr freundlich und das Essen ist immer wunderbar.,0,5.0,2018-08-30 20:08:33.300,27,False,"['Familie', 'Essen']","['Positive', 'Positive']","[0.9986, 0.9986]","[[5], [14]]"
585827,Riwa Gastro AG,Restaurant,Moderne Einrichtung und freundliches Personal,0,5.0,2018-05-26 10:16:33.796,10,False,"['Einrichtung', 'Personal']","['Positive', 'Positive']","[0.998, 0.998]","[[1], [4]]"
585827,Riwa Gastro AG,Restaurant,Einfach nur voll Hammer muss man erlebt haben Service 100 Prozent Fänomenal,0,5.0,2018-05-24 17:31:35.510,19,False,['Service'],['Positive'],[0.9969],[[8]]
585827,Riwa Gastro AG,Restaurant,Super ort,0,4.0,2018-05-21 17:37:01.993,5,False,[],[],[],[]
585827,Riwa Gastro AG,Restaurant,"Super Service, essen vom feinsten",0,4.0,2018-05-21 15:55:10.973,9,False,"['Service', 'essen']","['Positive', 'Positive']","[0.9979, 0.998]","[[1], [3]]"
585827,Riwa Gastro AG,Restaurant,Super Sonnenterasse,0,4.0,2018-05-11 12:35:41.204,6,False,['Sonnenterasse'],['Positive'],[0.9978],[[1]]
585827,Riwa Gastro AG,Restaurant,Top aussicht,0,5.0,2018-05-10 10:47:43.815,6,False,['aussicht'],['Positive'],[0.9979],[[1]]
585827,Riwa Gastro AG,Restaurant,"Alles sehr gut😊, freundliches Personal, schöne Ambience und gutes Essen😋.
Empfehlenswert😊",0,5.0,2018-05-07 19:41:36.004,27,False,"['Personal', 'Ambience', 'Essen😋']","['Positive', 'Positive', 'Positive']","[0.9988, 0.9987, 0.9972]","[[5], [8], [11]]"
585827,Riwa Gastro AG,Restaurant,"Qualität der Speisen seit eh und je unschlagbar, kommen immer gerne wieder",0,5.0,2018-04-24 06:33:46.091,22,False,['Speisen'],['Positive'],[0.9984],[[2]]
585827,Riwa Gastro AG,Restaurant,Super,0,4.0,2018-04-23 10:48:03.007,3,False,[],[],[],[]
585827,Riwa Gastro AG,Restaurant,"Sehr gut, wie immer, perfekt",0,5.0,2018-04-21 18:18:13.389,10,False,[],[],[],[]
585827,Riwa Gastro AG,Restaurant,Alles bestens. Excelente Küche und sehr gute Bedienung.,0,5.0,2018-04-21 14:08:59.301,19,False,"['Küche', 'Bedienung']","['Positive', 'Positive']","[0.9987, 0.9985]","[[4], [8]]"
585827,Riwa Gastro AG,Restaurant,Sehr gute Bedienung...Essen frisch u.fein.,1,5.0,2018-04-18 19:43:28.477,18,False,"['Bedienung', 'Essen']","['Positive', 'Positive']","[0.9986, 0.9986]","[[2], [6]]"
585827,Riwa Gastro AG,Restaurant,Gastfreundlich schönes aussicht delikatessen,0,4.0,2018-04-15 23:26:01.585,11,False,['aussicht'],['Positive'],[0.9982],[[2]]
585827,Riwa Gastro AG,Restaurant,Schöne Restaurant an guter Lage. Grosse Karte und Terasse,0,5.0,2018-04-15 17:41:33.434,16,False,"['Restaurant', 'Lage', 'Karte', 'Terasse']","['Positive', 'Positive', 'Positive', 'Positive']","[0.9983, 0.9983, 0.9981, 0.9981]","[[1], [4], [7], [9]]"
585827,Riwa Gastro AG,Restaurant,Schönes Restaurant mit Kinderecke und Spielplatz,1,5.0,2018-04-12 05:20:00.619,11,False,"['Restaurant', 'Kinderecke', 'Spielplatz']","['Positive', 'Positive', 'Positive']","[0.9967, 0.9972, 0.9971]","[[1], [3], [5]]"
585827,Riwa Gastro AG,Restaurant,"Top Essen, Bedienung, Aussicht. Nur empfehlenswert.",0,5.0,2018-04-01 18:14:03.012,16,False,"['Essen', 'Bedienung', 'Aussicht']","['Positive', 'Positive', 'Positive']","[0.9985, 0.9986, 0.9987]","[[1], [3], [5]]"
585827,Riwa Gastro AG,Restaurant,Sehr gutes Essen.,0,5.0,2018-03-31 18:53:44.183,8,False,['Essen'],['Positive'],[0.9981],[[2]]
